"","layer_key","labsampnum","project_key","site_key","pedon_key","layer_sequence","layer_type","layer_field_label_1","layer_field_label_2","layer_field_label_3","hzn_top","hzn_bot","hzn_desgn_old","hzn_desgn","hzn_discontinuity","hzn_master","hzn_prime","hzn_vert_subdvn","hzn_desgn_other","non_hzn_desgn","stratified_textures_flag","texture_description","result_source_key","prep_code","db_13b","db_od","COLEws","w6clod","w10cld","w3cld","w15l2","w15bfm","adod","wrd_ws13","aggstb","cec7_cly","w15cly","c_adod","result_source_key","prep_code","c_tot","c_tot_code","n_tot","n_tot_code","s_tot","s_tot_code","oc","oc_code","c_n_ra","fe_dith","fe_dith_code","al_dith","al_dith_code","mn_dith","mn_dith_code","al_fe_ox","optd_ox","optd_ox_code","fe_ox","fe_ox_code","al_ox","al_ox_code","mn_ox","mn_ox_code","si_ox","si_ox_code","c_pyp","c_pyp_code","fe_pyp","fe_pyp_code","al_pyp","al_pyp_code","mn_pyp","mn_pyp_code","result_source_key","prep_code","min_lt2","eom_tot_c","eom_minlt2","c_tot","n_tot","c_n_ra","fib_urb","fib_rb","pyr_col","decomp_state","limnic_type","ph_hist","ph_h2o","db_3brw","db_3rw","db_od","oc","result_source_key","prep_code","ph_cacl2","ph_h2o","ph_kcl","ph_naf","ph_sp","caco3","caco3l20","c_gypl2","gypl20","resist","ph_ox","ph_oxin","result_source_key","prep_code","clay_tot_psa","silt_tot_psa","sand_tot_psa","clay_f","co3_cly","silt_f_psa","silt_c_psa","sand_vf_psa","sand_f_psa","sand_m_psa","sand_c_psa","sand_vc_psa","wf_25","wf_520","wf_2075","wf_0175","wpg2","tex_psda"
"1",104,"40A00162",1,15,15,5,"horizon","11711","","",66,84,"D12ca","Bk2","","B","","2","","","","",104,"S",NA,NA,NA,NA,NA,NA,10,NA,NA,NA,NA,1.03999996,0.74000001,NA,104,"S",NA,"",NA,"",NA,"",0.159999996,"6A1a",NA,0.5,"6C1a",NA,"",NA,"",NA,NA,"",NA,"",NA,"",NA,"",NA,"",NA,"",NA,"",NA,"",NA,"",NA,NA,NA,NA,NA,NA,NA,NA,NA,NA,NA,NA,NA,NA,NA,NA,NA,NA,NA,104,"S",NA,8,NA,NA,NA,14,NA,NA,NA,NA,NA,NA,104,"S",13.5,15.8999996,70.5999985,NA,NA,13.3999996,2.5,1,3,7.19999981,30.2000008,29.2000008,30,19,0,70,49,"cosl"
"2",105,"40A00163",1,15,15,6,"horizon","11712","","",84,117,"D2","C1","","C","","1","","","","",105,"S",NA,NA,NA,NA,NA,NA,9,NA,NA,NA,NA,0.839999974,0.680000007,NA,105,"S",NA,"",NA,"",NA,"",0.0700000003,"6A1a",NA,0.699999988,"6C1a",NA,"",NA,"",NA,NA,"",NA,"",NA,"",NA,"",NA,"",NA,"",NA,"",NA,"",NA,"",NA,NA,NA,NA,NA,NA,NA,NA,NA,NA,NA,NA,NA,NA,NA,NA,NA,NA,NA,105,"S",NA,8.10000038,NA,NA,NA,17,NA,NA,NA,NA,NA,NA,105,"S",13.1999998,16.7999992,70,NA,NA,13.8000002,3,1.89999998,5.4000001,8.19999981,28.7999992,25.7000008,38,24,0,68,62,"cosl"
"3",106,"40A00164",1,15,15,7,"horizon","11713","","",117,152,"D3","C2","","C","","2","","","","",106,"S",NA,NA,NA,NA,NA,NA,7,NA,NA,NA,NA,1.05999994,0.879999995,NA,106,"S",NA,"",NA,"",NA,"",0.0399999991,"6A1a",NA,0.600000024,"6C1a",NA,"",NA,"",NA,NA,"",NA,"",NA,"",NA,"",NA,"",NA,"",NA,"",NA,"",NA,"",NA,NA,NA,NA,NA,NA,NA,NA,NA,NA,NA,NA,NA,NA,NA,NA,NA,NA,NA,106,"S",NA,8.19999981,NA,NA,NA,19,NA,NA,NA,NA,NA,NA,106,"S",8,8.89999962,83.0999985,NA,NA,7,1.89999998,0.5,2.79999995,12.1999998,34.4000015,33.2000008,39,24,0,83,63,"lcos"
"4",107,"40A00165",1,16,16,1,"horizon","52","","",0,13,"Ap","Ap","","A","","","","","","",107,"S",NA,NA,NA,NA,NA,NA,NA,NA,NA,NA,NA,1.00999999,NA,NA,107,"S",NA,"",0.298000008,"6B1a",NA,"",3.3599999,"6A1a",11,NA,"",NA,"",NA,"",NA,NA,"",NA,"",NA,"",NA,"",NA,"",NA,"",NA,"",NA,"",NA,"",NA,NA,NA,NA,NA,NA,NA,NA,NA,NA,NA,NA,NA,NA,NA,NA,NA,NA,NA,107,"S",NA,NA,NA,NA,6.9000001,0,NA,0,NA,NA,NA,NA,107,"S",23.7999992,40.5999985,35.5999985,NA,NA,24.5,16.1000004,8.60000038,13.8999996,6.80000019,4.5,1.79999995,1,1,0,27,2,"l"
"5",108,"40A00166",1,16,16,2,"horizon","53","","",13,18,"A2","E","","E","","","","","","",108,"S",NA,NA,NA,NA,NA,NA,NA,NA,NA,NA,NA,0.790000021,NA,NA,108,"S",NA,"",0.163000003,"6B1a",NA,"",1.83000004,"6A1a",11,NA,"",NA,"",NA,"",NA,NA,"",NA,"",NA,"",NA,"",NA,"",NA,"",NA,"",NA,"",NA,"",NA,NA,NA,NA,NA,NA,NA,NA,NA,NA,NA,NA,NA,NA,NA,NA,NA,NA,NA,108,"S",NA,NA,NA,NA,6.5,0,NA,0,NA,NA,NA,NA,108,"S",21.3999996,42.5,36.0999985,NA,NA,28.5,14,8,14.6000004,7.0999999,4.5999999,1.79999995,0,0,0,28,0,"l"
"6",109,"40A00167",1,16,16,3,"horizon","54","","",18,41,"B2","Bw1","","B","","1","","","","",109,"S",NA,NA,NA,NA,NA,NA,NA,NA,NA,NA,NA,0.779999971,NA,NA,109,"S",NA,"",0.122000001,"6B1a",NA,"",1.25,"6A1a",10,NA,"",NA,"",NA,"",NA,NA,"",NA,"",NA,"",NA,"",NA,"",NA,"",NA,"",NA,"",NA,"",NA,NA,NA,NA,NA,NA,NA,NA,NA,NA,NA,NA,NA,NA,NA,NA,NA,NA,NA,109,"S",NA,NA,NA,NA,6.5999999,0,NA,0,NA,NA,NA,NA,109,"S",32.4000015,36.5999985,31,NA,NA,20.3999996,16.2000008,7.5,11.8999996,6,4.0999999,1.5,0,0,0,24,0,"cl"
"7",110,"40A00168",1,16,16,4,"horizon","55","","",41,61,"B3","Bw2","","B","","2","","","","",110,"S",NA,NA,NA,NA,NA,NA,NA,NA,NA,NA,NA,0.699999988,NA,NA,110,"S",NA,"",0.0480000004,"6B1a",NA,"",0.529999971,"6A1a",11,NA,"",NA,"",NA,"",NA,NA,"",NA,"",NA,"",NA,"",NA,"",NA,"",NA,"",NA,"",NA,"",NA,NA,NA,NA,NA,NA,NA,NA,NA,NA,NA,NA,NA,NA,NA,NA,NA,NA,NA,110,"S",NA,NA,NA,NA,8,0,NA,0,NA,NA,NA,NA,110,"S",28.1000004,32.4000015,39.5,NA,NA,18,14.3999996,10.3000002,18.3999996,8,2.5999999,0.200000003,0,0,0,29,0,"cl"
"8",111,"40A00169",1,16,16,5,"horizon","56","","",61,91,"Cca1","Bk1","","B","","1","","","","",111,"S",NA,NA,NA,NA,NA,NA,NA,NA,NA,NA,NA,0.579999983,NA,NA,111,"S",NA,"",0.0340000018,"6B1a",NA,"",0.289999992,"6A1a",9,NA,"",NA,"",NA,"",NA,NA,"",NA,"",NA,"",NA,"",NA,"",NA,"",NA,"",NA,"",NA,"",NA,NA,NA,NA,NA,NA,NA,NA,NA,NA,NA,NA,NA,NA,NA,NA,NA,NA,NA,111,"S",NA,NA,NA,NA,8.10000038,9,NA,0,NA,NA,NA,NA,111,"S",30.1000004,34.9000015,35,NA,NA,22.3999996,12.5,9.60000038,13.3999996,5.5999999,4.4000001,2,1,1,0,25,2,"cl"
"9",112,"40A00170",1,16,16,6,"horizon","57","","",91,122,"Cca2","Bk2","","B","","2","","","","",112,"S",NA,NA,NA,NA,NA,NA,NA,NA,NA,NA,NA,0.569999993,NA,NA,112,"S",NA,"",0.0299999993,"6B1a",NA,"",0.270000011,"6A1a",9,NA,"",NA,"",NA,"",NA,NA,"",NA,"",NA,"",NA,"",NA,"",NA,"",NA,"",NA,"",NA,"",NA,NA,NA,NA,NA,NA,NA,NA,NA,NA,NA,NA,NA,NA,NA,NA,NA,NA,NA,112,"S",NA,NA,NA,NA,8.10000038,8,NA,0,NA,NA,NA,NA,112,"S",30.7000008,34.5999985,34.7000008,NA,NA,21.7999992,12.8000002,9.60000038,13.3999996,5.5999999,4.4000001,1.70000005,2,1,0,25,3,"cl"
"10",113,"40A00171",1,16,16,7,"horizon","58","","",122,183,"C1","C","","C","","","","","","",113,"S",NA,NA,NA,NA,NA,NA,NA,NA,NA,NA,NA,0.600000024,NA,NA,113,"S",NA,"",0.0299999993,"6B1a",NA,"",0.239999995,"6A1a",8,NA,"",NA,"",NA,"",NA,NA,"",NA,"",NA,"",NA,"",NA,"",NA,"",NA,"",NA,"",NA,"",NA,NA,NA,NA,NA,NA,NA,NA,NA,NA,NA,NA,NA,NA,NA,NA,NA,NA,NA,113,"S",NA,NA,NA,NA,8,7,NA,0,NA,NA,NA,NA,113,"S",29,34.5,36.5,NA,NA,21,13.5,9.80000019,13.6000004,5.5,4.80000019,2.79999995,3,2,0,27,5,"cl"
"11",114,"40A00172",1,17,17,1,"horizon","8681","","",0,5,"A11","A11","","A","","11","","","","",114,"S",NA,NA,NA,NA,NA,NA,12.3000002,NA,NA,NA,NA,1.16999996,0.720000029,NA,114,"S",NA,"",0.398000002,"6B1a",NA,"",5.21999979,"6A1a",13,NA,"",NA,"",NA,"",NA,NA,"",NA,"",NA,"",NA,"",NA,"",NA,"",NA,"",NA,"",NA,"",NA,NA,NA,NA,NA,NA,NA,NA,NA,NA,NA,NA,NA,NA,NA,NA,NA,NA,NA,114,"S",NA,6.5999999,NA,NA,NA,0,NA,NA,NA,NA,NA,NA,114,"S",17,36.7000008,46.2999992,NA,NA,20.2000008,16.5,11.6999998,18.7000008,8.10000038,6.30000019,1.5,0,0,0,35,0,"l"
"12",115,"40A00173",1,17,17,2,"horizon","8682","","",5,15,"A12","A12","","A","","12","","","","",115,"S",NA,NA,NA,NA,NA,NA,6.4000001,NA,NA,NA,NA,0.800000012,0.449999988,NA,115,"S",NA,"",0.147,"6B1a",NA,"",1.5,"6A1a",10,NA,"",NA,"",NA,"",NA,NA,"",NA,"",NA,"",NA,"",NA,"",NA,"",NA,"",NA,"",NA,"",NA,NA,NA,NA,NA,NA,NA,NA,NA,NA,NA,NA,NA,NA,NA,NA,NA,NA,NA,115,"S",NA,6.30000019,NA,NA,NA,0,NA,NA,NA,NA,NA,NA,115,"S",14.1000004,31.2000008,54.7000008,NA,NA,14.6999998,16.5,15.1000004,22.5,8.30000019,6.19999981,2.5999999,0,0,0,40,0,"fsl"
"13",116,"40A00174",1,17,17,3,"horizon","8683","","",15,25,"A2","E","","E","","","","","","",116,"S",NA,NA,NA,NA,NA,NA,4,NA,NA,NA,NA,0.75,0.400000006,NA,116,"S",NA,"",0.0860000029,"6B1a",NA,"",0.819999993,"6A1a",10,NA,"",NA,"",NA,"",NA,NA,"",NA,"",NA,"",NA,"",NA,"",NA,"",NA,"",NA,"",NA,"",NA,NA,NA,NA,NA,NA,NA,NA,NA,NA,NA,NA,NA,NA,NA,NA,NA,NA,NA,116,"S",NA,6.9000001,NA,NA,NA,0,NA,0,NA,NA,NA,NA,116,"S",10,30.8999996,59.0999985,NA,NA,15.5,15.3999996,13.8000002,23.7000008,10.3000002,8.10000038,3.20000005,0,0,0,45,0,"fsl"
"14",117,"40A00175",1,17,17,4,"horizon","8684","","",25,41,"B2","Bw","","B","","","","","","",117,"S",NA,NA,NA,NA,NA,NA,12.6000004,NA,NA,NA,NA,0.74000001,0.449999988,NA,117,"S",NA,"",0.0700000003,"6B1a",NA,"",0.720000029,"6A1a",10,NA,"",NA,"",NA,"",NA,NA,"",NA,"",NA,"",NA,"",NA,"",NA,"",NA,"",NA,"",NA,"",NA,NA,NA,NA,NA,NA,NA,NA,NA,NA,NA,NA,NA,NA,NA,NA,NA,NA,NA,117,"S",NA,8.10000038,NA,NA,NA,0,NA,0,NA,NA,NA,NA,117,"S",28.2999992,26.7999992,44.9000015,NA,NA,14.1999998,12.6000004,11,18.5,8,5.80000019,1.60000002,0,0,0,34,0,"cl"
"15",118,"40A00176",1,17,17,5,"horizon","8685","","",41,53,"B3Cs","By1","","B","","1","","","","",118,"S",NA,NA,NA,NA,NA,NA,11.8999996,NA,NA,NA,NA,0.639999986,0.409999996,NA,118,"S",NA,"",0.0359999985,"6B1a",NA,"",0.409999996,"6A1a",11,NA,"",NA,"",NA,"",NA,NA,"",NA,"",NA,"",NA,"",NA,"",NA,"",NA,"",NA,"",NA,"",NA,NA,NA,NA,NA,NA,NA,NA,NA,NA,NA,NA,NA,NA,NA,NA,NA,NA,NA,118,"S",NA,8.39999962,NA,NA,NA,3,NA,1,NA,NA,NA,NA,118,"S",29.2000008,27.7999992,43,NA,NA,16.7999992,11,9.69999981,16.1000004,7.5999999,6.4000001,3.20000005,0,0,0,33,0,"cl"
"16",119,"40A00177",1,17,17,6,"horizon","8686","","",53,76,"Cca1","Bk1","","B","","1","","","","",119,"S",NA,NA,NA,NA,NA,NA,12.5,NA,NA,NA,NA,0.49000001,0.360000014,NA,119,"S",NA,"",0.0199999996,"6B1a",NA,"",0.300000012,"6A1a",15,NA,"",NA,"",NA,"",NA,NA,"",NA,"",NA,"",NA,"",NA,"",NA,"",NA,"",NA,"",NA,"",NA,NA,NA,NA,NA,NA,NA,NA,NA,NA,NA,NA,NA,NA,NA,NA,NA,NA,NA,119,"S",NA,8.80000019,NA,NA,NA,13,NA,0,NA,NA,NA,NA,119,"S",35.2000008,33.5999985,31.2000008,NA,NA,20.7999992,12.8000002,9.80000019,12.6000004,4.5999999,3.20000005,1,0,0,0,21,0,"cl"
"17",120,"40A00178",1,17,17,7,"horizon","8687","","",76,102,"Cca2","Bk2","","B","","2","","","","",120,"S",NA,NA,NA,NA,NA,NA,12.5,NA,NA,NA,NA,0.519999981,0.389999986,NA,120,"S",NA,"",NA,"",NA,"",0.219999999,"6A1a",NA,NA,"",NA,"",NA,"",NA,NA,"",NA,"",NA,"",NA,"",NA,"",NA,"",NA,"",NA,"",NA,"",NA,NA,NA,NA,NA,NA,NA,NA,NA,NA,NA,NA,NA,NA,NA,NA,NA,NA,NA,120,"S",NA,8.80000019,NA,NA,NA,11,NA,0,NA,NA,NA,NA,120,"S",32.2000008,36.7000008,31.1000004,NA,NA,22.2999992,14.3999996,10.3999996,12.1000004,4.4000001,3.20000005,1,0,0,0,21,0,"cl"
"18",121,"40A00179",1,17,17,8,"horizon","8688","","",102,152,"CCs","By2","","B","","2","","","","",121,"S",NA,NA,NA,NA,NA,NA,13.8000002,NA,NA,NA,NA,0.560000002,0.449999988,NA,121,"S",NA,"",NA,"",NA,"",0.25999999,"6A1a",NA,NA,"",NA,"",NA,"",NA,NA,"",NA,"",NA,"",NA,"",NA,"",NA,"",NA,"",NA,"",NA,"",NA,NA,NA,NA,NA,NA,NA,NA,NA,NA,NA,NA,NA,NA,NA,NA,NA,NA,NA,121,"S",NA,8.5,NA,NA,NA,5,NA,5,NA,NA,NA,NA,121,"S",30.6000004,36.7000008,32.7000008,NA,NA,22.3999996,14.3000002,10.3999996,12.3000002,4.80000019,3.70000005,1.5,0,0,0,22,0,"cl"
"19",122,"40A00180",1,18,18,1,"horizon","1","","",0,15,"Ap","Ap","","A","","","","","","",122,"S",NA,NA,NA,NA,NA,NA,NA,NA,NA,NA,NA,1.14999998,NA,NA,122,"S",NA,"",0.25999999,"6B1a",NA,"",3.02999997,"6A1a",12,NA,"",NA,"",NA,"",NA,NA,"",NA,"",NA,"",NA,"",NA,"",NA,"",NA,"",NA,"",NA,"",NA,NA,NA,NA,NA,NA,NA,NA,NA,NA,NA,NA,NA,NA,NA,NA,NA,NA,NA,122,"S",NA,NA,NA,NA,6.19999981,0,NA,0,NA,NA,NA,NA,122,"S",18.6000004,35.2999992,46.0999985,NA,NA,18.7999992,16.5,12.8000002,18.2000008,7,5.4000001,2.70000005,1,0,0,33,1,"l"
"20",123,"40A00181",1,18,18,2,"horizon","2","","",15,25,"A2","E","","E","","","","","","",123,"S",NA,NA,NA,NA,NA,NA,NA,NA,NA,NA,NA,0.769999981,NA,NA,123,"S",NA,"",0.0900000036,"6B1a",NA,"",0.779999971,"6A1a",9,NA,"",NA,"",NA,"",NA,NA,"",NA,"",NA,"",NA,"",NA,"",NA,"",NA,"",NA,"",NA,"",NA,NA,NA,NA,NA,NA,NA,NA,NA,NA,NA,NA,NA,NA,NA,NA,NA,NA,NA,123,"S",NA,NA,NA,NA,6,0,NA,0,NA,NA,NA,NA,123,"S",17.8999996,25.5,56.5999985,NA,NA,12.8000002,12.6999998,14.6999998,25.6000004,8.30000019,5.5999999,2.4000001,0,0,0,42,0,"fsl"
"21",124,"40A00182",1,18,18,3,"horizon","3","","",25,46,"B2","Bw1","","B","","1","","","","",124,"S",NA,NA,NA,NA,NA,NA,NA,NA,NA,NA,NA,0.730000019,NA,NA,124,"S",NA,"",0.0549999997,"6B1a",NA,"",0.439999998,"6A1a",8,NA,"",NA,"",NA,"",NA,NA,"",NA,"",NA,"",NA,"",NA,"",NA,"",NA,"",NA,"",NA,"",NA,NA,NA,NA,NA,NA,NA,NA,NA,NA,NA,NA,NA,NA,NA,NA,NA,NA,NA,124,"S",NA,NA,NA,NA,6.5,1,NA,0,NA,NA,NA,NA,124,"S",17.6000004,19.6000004,62.7999992,NA,NA,9,10.6000004,12.8000002,26.8999996,11.5,8,3.5999999,3,2,0,50,5,"fsl"
"22",125,"40A00183",1,18,18,4,"horizon","4","","",46,53,"B3","Bw2","","B","","2","","","","",125,"S",NA,NA,NA,NA,NA,NA,NA,NA,NA,NA,NA,0.629999995,NA,NA,125,"S",NA,"",0.0529999994,"6B1a",NA,"",0.419999987,"6A1a",8,NA,"",NA,"",NA,"",NA,NA,"",NA,"",NA,"",NA,"",NA,"",NA,"",NA,"",NA,"",NA,"",NA,NA,NA,NA,NA,NA,NA,NA,NA,NA,NA,NA,NA,NA,NA,NA,NA,NA,NA,125,"S",NA,NA,NA,NA,7.5999999,4,NA,0,NA,NA,NA,NA,125,"S",24,28.2000008,47.7999992,NA,NA,15.1999998,13,11.1000004,17.7999992,7.5,7,4.4000001,1,0,0,37,1,"l"
"23",126,"40A00184",1,18,18,5,"horizon","5","","",53,64,"Cca1","Bk","","B","","","","","","",126,"S",NA,NA,NA,NA,NA,NA,NA,NA,NA,NA,NA,0.49000001,NA,NA,126,"S",NA,"",0.0350000001,"6B1a",NA,"",0.289999992,"6A1a",8,NA,"",NA,"",NA,"",NA,NA,"",NA,"",NA,"",NA,"",NA,"",NA,"",NA,"",NA,"",NA,"",NA,NA,NA,NA,NA,NA,NA,NA,NA,NA,NA,NA,NA,NA,NA,NA,NA,NA,NA,126,"S",NA,NA,NA,NA,7.9000001,16,NA,0,NA,NA,NA,NA,126,"S",23.5,34.9000015,41.5999985,NA,NA,20.3999996,14.5,12.8000002,15.6000004,5.80000019,5.5,1.89999998,1,1,0,29,2,"l"
"24",127,"40A00185",1,18,18,6,"horizon","6","","",64,114,"C1","C1","","C","","1","","","","",127,"S",NA,NA,NA,NA,NA,NA,NA,NA,NA,NA,NA,0.519999981,NA,NA,127,"S",NA,"",0.0260000005,"6B1a",NA,"",0.239999995,"6A1a",9,NA,"",NA,"",NA,"",NA,NA,"",NA,"",NA,"",NA,"",NA,"",NA,"",NA,"",NA,"",NA,"",NA,NA,NA,NA,NA,NA,NA,NA,NA,NA,NA,NA,NA,NA,NA,NA,NA,NA,NA,127,"S",NA,NA,NA,NA,8.39999962,14,NA,0,NA,NA,NA,NA,127,"S",25.2000008,38.2000008,36.5999985,NA,NA,21.7999992,16.3999996,12.3999996,14,4.9000001,3.70000005,1.60000002,1,1,0,24,2,"l"
"25",128,"40A00186",1,18,18,7,"horizon","7","","",114,163,"C2","C2","","C","","2","","","","",128,"S",NA,NA,NA,NA,NA,NA,NA,NA,NA,NA,NA,0.560000002,NA,NA,128,"S",NA,"",0.023,"6B1a",NA,"",0.230000004,"6A1a",10,NA,"",NA,"",NA,"",NA,NA,"",NA,"",NA,"",NA,"",NA,"",NA,"",NA,"",NA,"",NA,"",NA,NA,NA,NA,NA,NA,NA,NA,NA,NA,NA,NA,NA,NA,NA,NA,NA,NA,NA,128,"S",NA,NA,NA,NA,8.19999981,8,NA,0,NA,NA,NA,NA,128,"S",24.7999992,37.7000008,37.5,NA,NA,21.3999996,16.2999992,13,14.1999998,4.5999999,3.79999995,1.89999998,1,1,0,25,2,"l"
"26",129,"40A00187",1,19,19,1,"horizon","8697","","",0,5,"A11","A1","","A","","1","","","","",129,"S",NA,NA,NA,NA,NA,NA,13.8999996,NA,NA,NA,NA,1.15999997,0.689999998,NA,129,"S",NA,"",0.386000007,"6B1a",NA,"",5.13000011,"6A1a",13,NA,"",NA,"",NA,"",NA,NA,"",NA,"",NA,"",NA,"",NA,"",NA,"",NA,"",NA,"",NA,"",NA,NA,NA,NA,NA,NA,NA,NA,NA,NA,NA,NA,NA,NA,NA,NA,NA,NA,NA,129,"S",NA,6.5,NA,NA,NA,NA,NA,NA,NA,NA,NA,NA,129,"S",20.2000008,43.7000008,36.0999985,NA,NA,24.3999996,19.2999992,11.5,13.6999998,5.19999981,4.4000001,1.29999995,0,0,0,25,0,"l"
"27",130,"40A00188",1,19,19,2,"horizon","8698","","",5,18,"A12","A2","","A","","2","","","","",130,"S",NA,NA,NA,NA,NA,NA,11,NA,NA,NA,NA,0.839999974,0.460000008,NA,130,"S",NA,"",0.236000001,"6B1a",NA,"",2.96000004,"6A1a",13,NA,"",NA,"",NA,"",NA,NA,"",NA,"",NA,"",NA,"",NA,"",NA,"",NA,"",NA,"",NA,"",NA,NA,NA,NA,NA,NA,NA,NA,NA,NA,NA,NA,NA,NA,NA,NA,NA,NA,NA,130,"S",NA,6.19999981,NA,NA,NA,NA,NA,NA,NA,NA,NA,NA,130,"S",23.7000008,45.0999985,31.2000008,NA,NA,29.2999992,15.8000002,9.69999981,11.6999998,4.30000019,3.9000001,1.60000002,0,0,0,22,0,"l"
"28",131,"40A00189",1,19,19,3,"horizon","8699","","",18,25,"A2","E","","E","","","","","","",131,"S",NA,NA,NA,NA,NA,NA,5.69999981,NA,NA,NA,NA,0.709999979,0.349999994,NA,131,"S",NA,"",0.100000001,"6B1a",NA,"",1.07000005,"6A1a",11,NA,"",NA,"",NA,"",NA,NA,"",NA,"",NA,"",NA,"",NA,"",NA,"",NA,"",NA,"",NA,"",NA,NA,NA,NA,NA,NA,NA,NA,NA,NA,NA,NA,NA,NA,NA,NA,NA,NA,NA,131,"S",NA,6.30000019,NA,NA,NA,NA,NA,NA,NA,NA,NA,NA,131,"S",16.1000004,44.7000008,39.2000008,NA,NA,28.3999996,16.2999992,10.3999996,15,6.4000001,5.19999981,2.20000005,1,1,0,29,2,"l"
"29",132,"40A00190",1,19,19,4,"horizon","8700","","",25,36,"B2","Bw","","B","","","","","","",132,"S",NA,NA,NA,NA,NA,NA,14.3999996,NA,NA,NA,NA,0.709999979,0.379999995,NA,132,"S",NA,"",0.100000001,"6B1a",NA,"",1.05999994,"6A1a",11,NA,"",NA,"",NA,"",NA,NA,"",NA,"",NA,"",NA,"",NA,"",NA,"",NA,"",NA,"",NA,"",NA,NA,NA,NA,NA,NA,NA,NA,NA,NA,NA,NA,NA,NA,NA,NA,NA,NA,NA,132,"S",NA,6.5,NA,NA,NA,0,NA,0,NA,NA,NA,NA,132,"S",38,36.9000015,25.1000004,NA,NA,25.2000008,11.6999998,7.4000001,9.80000019,3.9000001,2.79999995,1.20000005,0,0,0,18,0,"cl"
"30",133,"40A00191",1,19,19,5,"horizon","8701","","",36,43,"B3Cs","By1","","B","","1","","","","",133,"S",NA,NA,NA,NA,NA,NA,16.3999996,NA,NA,NA,NA,0.660000026,0.389999986,NA,133,"S",NA,"",0.0820000023,"6B1a",NA,"",0.860000014,"6A1a",10,NA,"",NA,"",NA,"",NA,NA,"",NA,"",NA,"",NA,"",NA,"",NA,"",NA,"",NA,"",NA,"",NA,NA,NA,NA,NA,NA,NA,NA,NA,NA,NA,NA,NA,NA,NA,NA,NA,NA,NA,133,"S",NA,7.9000001,NA,NA,NA,1,NA,1,NA,NA,NA,NA,133,"S",42.4000015,39.2000008,18.3999996,NA,NA,29.2999992,9.89999962,5.5,7.19999981,3.0999999,2.0999999,0.5,0,0,0,13,0,"c"
"31",134,"40A00192",1,19,19,6,"horizon","8702","","",43,64,"Cca","Bk","","B","","","","","","",134,"S",NA,NA,NA,NA,NA,NA,13.1999998,NA,NA,NA,NA,0.460000008,0.349999994,NA,134,"S",NA,"",0.0390000008,"6B1a",NA,"",0.449999988,"6A1a",12,NA,"",NA,"",NA,"",NA,NA,"",NA,"",NA,"",NA,"",NA,"",NA,"",NA,"",NA,"",NA,"",NA,NA,NA,NA,NA,NA,NA,NA,NA,NA,NA,NA,NA,NA,NA,NA,NA,NA,NA,134,"S",NA,8.5,NA,NA,NA,17,NA,1,NA,NA,NA,NA,134,"S",38.0999985,40.4000015,21.5,NA,NA,30.7000008,9.69999981,6.4000001,8.60000038,2.79999995,2.29999995,1.39999998,0,0,0,15,0,"cl"
"32",135,"40A00193",1,19,19,7,"horizon","8703","","",64,86,"Ccacs","Bky","","B","","","","","","",135,"S",NA,NA,NA,NA,NA,NA,13.1999998,NA,NA,NA,NA,0.469999999,0.370000005,NA,135,"S",NA,"",NA,"",NA,"",0.219999999,"6A1a",NA,NA,"",NA,"",NA,"",NA,NA,"",NA,"",NA,"",NA,"",NA,"",NA,"",NA,"",NA,"",NA,"",NA,NA,NA,NA,NA,NA,NA,NA,NA,NA,NA,NA,NA,NA,NA,NA,NA,NA,NA,135,"S",NA,8.5,NA,NA,NA,14,NA,3,NA,NA,NA,NA,135,"S",35.7999992,53.5999985,10.6000004,NA,NA,39.7999992,13.8000002,4.80000019,3.9000001,0.899999976,0.600000024,0.400000006,0,0,0,6,0,"sicl"
"33",136,"40A00194",1,19,19,8,"horizon","8704","","",86,102,"C1","B","","B","","","","","","",136,"S",NA,NA,NA,NA,NA,NA,12.3999996,NA,NA,NA,NA,0.569999993,0.389999986,NA,136,"S",NA,"",NA,"",NA,"",0.200000003,"6A1a",NA,NA,"",NA,"",NA,"",NA,NA,"",NA,"",NA,"",NA,"",NA,"",NA,"",NA,"",NA,"",NA,"",NA,NA,NA,NA,NA,NA,NA,NA,NA,NA,NA,NA,NA,NA,NA,NA,NA,NA,NA,136,"S",NA,8.5,NA,NA,NA,11,NA,0,NA,NA,NA,NA,136,"S",31.3999996,54.5999985,14,NA,NA,38.9000015,15.6999998,5.9000001,4.80000019,1.60000002,1.10000002,0.600000024,0,0,0,8,0,"sicl"
"34",137,"40A00195",1,19,19,9,"horizon","8705","","",102,124,"CCs","By2","","B","","2","","","","",137,"S",NA,NA,NA,NA,NA,NA,11.5,NA,NA,NA,NA,0.579999983,0.460000008,NA,137,"S",NA,"",NA,"",NA,"",0.230000004,"6A1a",NA,NA,"",NA,"",NA,"",NA,NA,"",NA,"",NA,"",NA,"",NA,"",NA,"",NA,"",NA,"",NA,"",NA,NA,NA,NA,NA,NA,NA,NA,NA,NA,NA,NA,NA,NA,NA,NA,NA,NA,NA,137,"S",NA,8.39999962,NA,NA,NA,7,NA,5,NA,NA,NA,NA,137,"S",25,41.2999992,33.7000008,NA,NA,25.7999992,15.5,11.3999996,12.5,4.4000001,3.70000005,1.70000005,2,1,0,22,3,"l"
"35",138,"40A00196",1,19,19,10,"horizon","8706","","",124,152,"C","C","","C","","","","","","",138,"S",NA,NA,NA,NA,NA,NA,12.1000004,NA,NA,NA,NA,0.589999974,0.439999998,NA,138,"S",NA,"",NA,"",NA,"",0.200000003,"6A1a",NA,NA,"",NA,"",NA,"",NA,NA,"",NA,"",NA,"",NA,"",NA,"",NA,"",NA,"",NA,"",NA,"",NA,NA,NA,NA,NA,NA,NA,NA,NA,NA,NA,NA,NA,NA,NA,NA,NA,NA,NA,138,"S",NA,8.5,NA,NA,NA,8,NA,2,NA,NA,NA,NA,138,"S",27.6000004,47.4000015,25,NA,NA,31.8999996,15.5,9.30000019,9.10000038,2.9000001,2.0999999,1.60000002,1,0,0,16,1,"cl"
"36",139,"40A00197",1,20,20,1,"horizon","71","","",0,15,"Ap","Ap","","A","","","","","","",139,"S",NA,NA,NA,NA,NA,NA,NA,NA,NA,NA,NA,1.11000001,NA,NA,139,"S",NA,"",0.266000003,"6B1a",NA,"",3.18000007,"6A1a",12,NA,"",NA,"",NA,"",NA,NA,"",NA,"",NA,"",NA,"",NA,"",NA,"",NA,"",NA,"",NA,"",NA,NA,NA,NA,NA,NA,NA,NA,NA,NA,NA,NA,NA,NA,NA,NA,NA,NA,NA,139,"S",NA,NA,NA,NA,6.69999981,0,NA,0,NA,NA,NA,NA,139,"S",21.2000008,37.0999985,41.7000008,NA,NA,20.7999992,16.2999992,10,13.1000004,7.69999981,7.80000019,3.0999999,1,0,0,32,1,"l"
"37",140,"40A00198",1,20,20,2,"horizon","72","","",15,20,"A2","E","","E","","","","","","",140,"S",NA,NA,NA,NA,NA,NA,NA,NA,NA,NA,NA,0.790000021,NA,NA,140,"S",NA,"",0.0890000015,"6B1a",NA,"",0.949999988,"6A1a",11,NA,"",NA,"",NA,"",NA,NA,"",NA,"",NA,"",NA,"",NA,"",NA,"",NA,"",NA,"",NA,"",NA,NA,NA,NA,NA,NA,NA,NA,NA,NA,NA,NA,NA,NA,NA,NA,NA,NA,NA,140,"S",NA,NA,NA,NA,7.19999981,0,NA,0,NA,NA,NA,NA,140,"S",12.3000002,37.7999992,49.9000015,NA,NA,21.2000008,16.6000004,9,14.6000004,10.1999998,10.8999996,5.19999981,2,1,0,41,3,"l"
"38",141,"40A00199",1,20,20,3,"horizon","73","","",20,36,"B2","Bw","","B","","","","","","",141,"S",NA,NA,NA,NA,NA,NA,NA,NA,NA,NA,NA,0.75,NA,NA,141,"S",NA,"",0.107000001,"6B1a",NA,"",0.889999986,"6A1a",8,NA,"",NA,"",NA,"",NA,NA,"",NA,"",NA,"",NA,"",NA,"",NA,"",NA,"",NA,"",NA,"",NA,NA,NA,NA,NA,NA,NA,NA,NA,NA,NA,NA,NA,NA,NA,NA,NA,NA,NA,141,"S",NA,NA,NA,NA,7,0,NA,0,NA,NA,NA,NA,141,"S",37.2999992,34.2999992,28.3999996,NA,NA,21.2999992,13,5.5999999,8,6.9000001,6.9000001,1,0,0,0,23,0,"cl"
"39",142,"40A00200",1,20,20,4,"horizon","74","","",36,51,"Cca1","Bk1","","B","","1","","","","",142,"S",NA,NA,NA,NA,NA,NA,NA,NA,NA,NA,NA,0.439999998,NA,NA,142,"S",NA,"",0.061999999,"6B1a",NA,"",0.519999981,"6A1a",8,NA,"",NA,"",NA,"",NA,NA,"",NA,"",NA,"",NA,"",NA,"",NA,"",NA,"",NA,"",NA,"",NA,NA,NA,NA,NA,NA,NA,NA,NA,NA,NA,NA,NA,NA,NA,NA,NA,NA,NA,142,"S",NA,NA,NA,NA,7.9000001,19,NA,0,NA,NA,NA,NA,142,"S",36.5,45.7000008,17.7999992,NA,NA,30.2000008,15.5,3.0999999,3.4000001,4.5,5.69999981,1.10000002,0,0,0,15,0,"sicl"
"40",143,"40A00201",1,20,20,5,"horizon","75","","",51,58,"Cca2","Bk2","","B","","2","","","","",143,"S",NA,NA,NA,NA,NA,NA,NA,NA,NA,NA,NA,0.460000008,NA,NA,143,"S",NA,"",0.0370000005,"6B1a",NA,"",0.330000013,"6A1a",9,NA,"",NA,"",NA,"",NA,NA,"",NA,"",NA,"",NA,"",NA,"",NA,"",NA,"",NA,"",NA,"",NA,NA,NA,NA,NA,NA,NA,NA,NA,NA,NA,NA,NA,NA,NA,NA,NA,NA,NA,143,"S",NA,NA,NA,NA,7.9000001,17,NA,0,NA,NA,NA,NA,143,"S",23,36,41,NA,NA,20.3999996,15.6000004,3.5999999,8.19999981,12.6999998,11.6000004,4.9000001,4,3,0,37,7,"l"
"41",144,"40A00202",1,20,20,6,"horizon","76","","",58,86,"CCs1","By1","","B","","1","","","","",144,"S",NA,NA,NA,NA,NA,NA,NA,NA,NA,NA,NA,0.479999989,NA,NA,144,"S",NA,"",0.0280000009,"6B1a",NA,"",0.230000004,"6A1a",8,NA,"",NA,"",NA,"",NA,NA,"",NA,"",NA,"",NA,"",NA,"",NA,"",NA,"",NA,"",NA,"",NA,NA,NA,NA,NA,NA,NA,NA,NA,NA,NA,NA,NA,NA,NA,NA,NA,NA,NA,144,"S",NA,NA,NA,NA,8.10000038,16,NA,1,NA,NA,NA,NA,144,"S",24,42.4000015,33.5999985,NA,NA,27.7999992,14.6000004,9.60000038,11.8000002,5.4000001,4.9000001,1.89999998,3,2,0,24,5,"l"
"42",145,"40A00203",1,20,20,7,"horizon","77","","",86,117,"CCs2","By2","","B","","2","","","","",145,"S",NA,NA,NA,NA,NA,NA,NA,NA,NA,NA,NA,0.529999971,NA,NA,145,"S",NA,"",0.0240000002,"6B1a",NA,"",0.209999993,"6A1a",9,NA,"",NA,"",NA,"",NA,NA,"",NA,"",NA,"",NA,"",NA,"",NA,"",NA,"",NA,"",NA,"",NA,NA,NA,NA,NA,NA,NA,NA,NA,NA,NA,NA,NA,NA,NA,NA,NA,NA,NA,145,"S",NA,NA,NA,NA,8,8,NA,7,NA,NA,NA,NA,145,"S",23.2000008,46.4000015,30.3999996,NA,NA,31,15.3999996,9.10000038,11.6999998,4.19999981,3.5,1.89999998,1,1,0,21,2,"l"
"43",146,"40A00204",1,20,20,8,"horizon","78","","",117,163,"CCs3","By3","","B","","3","","","","",146,"S",NA,NA,NA,NA,NA,NA,NA,NA,NA,NA,NA,0.629999995,NA,NA,146,"S",NA,"",0.0209999997,"6B1a",NA,"",0.180000007,"6A1a",9,NA,"",NA,"",NA,"",NA,NA,"",NA,"",NA,"",NA,"",NA,"",NA,"",NA,"",NA,"",NA,"",NA,NA,NA,NA,NA,NA,NA,NA,NA,NA,NA,NA,NA,NA,NA,NA,NA,NA,NA,146,"S",NA,NA,NA,NA,7.9000001,9,NA,2,NA,NA,NA,NA,146,"S",20.7000008,46.0999985,33.2000008,NA,NA,28.8999996,17.2000008,7.4000001,14,5.0999999,4,2.70000005,2,1,0,26,3,"l"
"44",147,"40A00205",1,21,21,1,"horizon","8707","","",0,18,"Ap","Ap","","A","","","","","","",147,"S",NA,NA,NA,NA,NA,NA,8.80000019,NA,NA,NA,NA,0.879999995,0.419999987,NA,147,"S",NA,"",0.206,"6B1a",NA,"",2.32999992,"6A1a",11,NA,"",NA,"",NA,"",NA,NA,"",NA,"",NA,"",NA,"",NA,"",NA,"",NA,"",NA,"",NA,"",NA,NA,NA,NA,NA,NA,NA,NA,NA,NA,NA,NA,NA,NA,NA,NA,NA,NA,NA,147,"S",NA,5.9000001,NA,NA,NA,NA,NA,NA,NA,NA,NA,NA,147,"S",21,41,38,NA,NA,24.2999992,16.7000008,12.6999998,13.8999996,5.19999981,4.5,1.70000005,0,0,0,25,0,"l"
"45",148,"40A00206",1,21,21,2,"horizon","8708","","",18,25,"A21","E1","","E","","1","","","","",148,"S",NA,NA,NA,NA,NA,NA,8.39999962,NA,NA,NA,NA,0.709999979,0.379999995,NA,148,"S",NA,"",0.112000003,"6B1a",NA,"",1.24000001,"6A1a",11,NA,"",NA,"",NA,"",NA,NA,"",NA,"",NA,"",NA,"",NA,"",NA,"",NA,"",NA,"",NA,"",NA,NA,NA,NA,NA,NA,NA,NA,NA,NA,NA,NA,NA,NA,NA,NA,NA,NA,NA,148,"S",NA,5.80000019,NA,NA,NA,NA,NA,NA,NA,NA,NA,NA,148,"S",22.2000008,40,37.7999992,NA,NA,23.1000004,16.8999996,11.8000002,14.1000004,5.80000019,4.69999981,1.39999998,0,0,0,26,0,"l"
"46",149,"40A00207",1,21,21,3,"horizon","8709","","",25,33,"A22","E2","","E","","2","","","","",149,"S",NA,NA,NA,NA,NA,NA,6.5999999,NA,NA,NA,NA,0.680000007,0.360000014,NA,149,"S",NA,"",0.0680000037,"6B1a",NA,"",0.660000026,"6A1a",10,NA,"",NA,"",NA,"",NA,NA,"",NA,"",NA,"",NA,"",NA,"",NA,"",NA,"",NA,"",NA,"",NA,NA,NA,NA,NA,NA,NA,NA,NA,NA,NA,NA,NA,NA,NA,NA,NA,NA,NA,149,"S",NA,6.0999999,NA,NA,NA,NA,NA,NA,NA,NA,NA,NA,149,"S",18.5,32.4000015,49.0999985,NA,NA,17.5,14.8999996,15.1000004,18.7999992,7.69999981,5.9000001,1.60000002,1,1,0,34,2,"l"
"47",150,"40A00208",1,21,21,4,"horizon","8710","","",33,46,"B2","Bw1","","B","","1","","","","",150,"S",NA,NA,NA,NA,NA,NA,12.5,NA,NA,NA,NA,0.720000029,0.379999995,NA,150,"S",NA,"",0.0769999996,"6B1a",NA,"",0.74000001,"6A1a",10,NA,"",NA,"",NA,"",NA,NA,"",NA,"",NA,"",NA,"",NA,"",NA,"",NA,"",NA,"",NA,"",NA,NA,NA,NA,NA,NA,NA,NA,NA,NA,NA,NA,NA,NA,NA,NA,NA,NA,NA,150,"S",NA,7.0999999,NA,NA,NA,0,NA,0,NA,NA,NA,NA,150,"S",33.0999985,33.2999992,33.5999985,NA,NA,21.2000008,12.1000004,10.6000004,12.6999998,4.9000001,4,1.39999998,0,0,0,23,0,"cl"
"48",151,"40A00209",1,21,21,5,"horizon","8711","","",46,53,"B3","Bw2","","B","","2","","","","",151,"S",NA,NA,NA,NA,NA,NA,12.3999996,NA,NA,NA,NA,0.689999998,0.379999995,NA,151,"S",NA,"",0.0579999983,"6B1a",NA,"",0.589999974,"6A1a",10,NA,"",NA,"",NA,"",NA,NA,"",NA,"",NA,"",NA,"",NA,"",NA,"",NA,"",NA,"",NA,"",NA,NA,NA,NA,NA,NA,NA,NA,NA,NA,NA,NA,NA,NA,NA,NA,NA,NA,NA,151,"S",NA,7.69999981,NA,NA,NA,0,NA,0,NA,NA,NA,NA,151,"S",32.5999985,37.2999992,30.1000004,NA,NA,24,13.3000002,10.1000004,11.3000002,4.19999981,3.5,1,0,0,0,20,0,"cl"
"49",152,"40A00210",1,21,21,6,"horizon","8712","","",53,69,"Ccacs","Bky","","B","","","","","","",152,"S",NA,NA,NA,NA,NA,NA,10.6000004,NA,NA,NA,NA,0.479999989,0.340000004,NA,152,"S",NA,"",0.0320000015,"6B1a",NA,"",0.340000004,"6A1a",11,NA,"",NA,"",NA,"",NA,NA,"",NA,"",NA,"",NA,"",NA,"",NA,"",NA,"",NA,"",NA,"",NA,NA,NA,NA,NA,NA,NA,NA,NA,NA,NA,NA,NA,NA,NA,NA,NA,NA,NA,152,"S",NA,8.19999981,NA,NA,NA,14,NA,2,NA,NA,NA,NA,152,"S",30.7999992,43.0999985,26.1000004,NA,NA,29.6000004,13.5,10.1999998,9.69999981,3.0999999,2.5,0.600000024,1,1,0,16,2,"cl"
"50",153,"40A00211",1,21,21,7,"horizon","8713","","",69,102,"Cca","Bk","","B","","","","","","",153,"S",NA,NA,NA,NA,NA,NA,9.39999962,NA,NA,NA,NA,0.550000012,0.389999986,NA,153,"S",NA,"",NA,"",NA,"",0.200000003,"6A1a",NA,NA,"",NA,"",NA,"",NA,NA,"",NA,"",NA,"",NA,"",NA,"",NA,"",NA,"",NA,"",NA,"",NA,NA,NA,NA,NA,NA,NA,NA,NA,NA,NA,NA,NA,NA,NA,NA,NA,NA,NA,153,"S",NA,8.39999962,NA,NA,NA,11,NA,0,NA,NA,NA,NA,153,"S",24.3999996,41.7999992,33.7999992,NA,NA,26.3999996,15.3999996,11.1000004,12.6999998,4.5,3.79999995,1.70000005,4,2,0,23,6,"l"
"51",154,"40A00212",1,21,21,8,"horizon","8714","","",102,127,"C1","C1","","C","","1","","","","",154,"S",NA,NA,NA,NA,NA,NA,11.6000004,NA,NA,NA,NA,0.550000012,0.400000006,NA,154,"S",NA,"",NA,"",NA,"",0.209999993,"6A1a",NA,NA,"",NA,"",NA,"",NA,NA,"",NA,"",NA,"",NA,"",NA,"",NA,"",NA,"",NA,"",NA,"",NA,NA,NA,NA,NA,NA,NA,NA,NA,NA,NA,NA,NA,NA,NA,NA,NA,NA,NA,154,"S",NA,8.39999962,NA,NA,NA,11,NA,0,NA,NA,NA,NA,154,"S",29.1000004,44.4000015,26.5,NA,NA,32.2999992,12.1000004,8.30000019,9.39999962,3.70000005,3.5,1.60000002,1,1,0,18,2,"cl"
"52",155,"40A00213",1,21,21,9,"horizon","8715","","",127,155,"C","C2","","C","","2","","","","",155,"S",NA,NA,NA,NA,NA,NA,11.1000004,NA,NA,NA,NA,0.589999974,0.409999996,NA,155,"S",NA,"",0.340999991,"6B1a",NA,"",3.57999992,"6A1a",10,NA,"",NA,"",NA,"",NA,NA,"",NA,"",NA,"",NA,"",NA,"",NA,"",NA,"",NA,"",NA,"",NA,NA,NA,NA,NA,NA,NA,NA,NA,NA,NA,NA,NA,NA,NA,NA,NA,NA,NA,155,"S",NA,8.30000019,NA,NA,NA,8,NA,0,NA,NA,NA,NA,155,"S",26.8999996,44.2000008,28.8999996,NA,NA,30.7000008,13.5,9.39999962,10.8000002,4.0999999,3.4000001,1.20000005,1,1,0,20,2,"l"
"53",156,"40A00214",1,22,22,1,"horizon","8724","","",0,18,"Ap","Ap","","A","","","","","","",156,"S",NA,NA,NA,NA,NA,NA,9.39999962,NA,NA,NA,NA,0.980000019,0.469999999,NA,156,"S",NA,"",0.241999999,"6B1a",NA,"",2.75999999,"6A1a",11,NA,"",NA,"",NA,"",NA,NA,"",NA,"",NA,"",NA,"",NA,"",NA,"",NA,"",NA,"",NA,"",NA,NA,NA,NA,NA,NA,NA,NA,NA,NA,NA,NA,NA,NA,NA,NA,NA,NA,NA,156,"S",NA,5.80000019,NA,NA,NA,NA,NA,NA,NA,NA,NA,NA,156,"S",19.8999996,39.4000015,40.7000008,NA,NA,21.7999992,17.6000004,12.8000002,15.6999998,5.80000019,4.4000001,2,0,0,0,28,0,"l"
"54",157,"40A00215",1,22,22,2,"horizon","8725","","",18,25,"A21","E1","","E","","1","","","","",157,"S",NA,NA,NA,NA,NA,NA,8,NA,NA,NA,NA,0.670000017,0.370000005,NA,157,"S",NA,"",0.0970000029,"6B1a",NA,"",0.879999995,"6A1a",9,NA,"",NA,"",NA,"",NA,NA,"",NA,"",NA,"",NA,"",NA,"",NA,"",NA,"",NA,"",NA,"",NA,NA,NA,NA,NA,NA,NA,NA,NA,NA,NA,NA,NA,NA,NA,NA,NA,NA,NA,157,"S",NA,6.19999981,NA,NA,NA,NA,NA,NA,NA,NA,NA,NA,157,"S",21.5,32.4000015,46.0999985,NA,NA,16.5,15.8999996,14,18.2999992,7.30000019,4.9000001,1.60000002,2,1,0,32,3,"l"
"55",158,"40A00216",1,22,22,3,"horizon","8726","","",25,30,"A22","E2","","E","","2","","","","",158,"S",NA,NA,NA,NA,NA,NA,9.5,NA,NA,NA,NA,0.629999995,0.370000005,NA,158,"S",NA,"",0.075000003,"6B1a",NA,"",0.660000026,"6A1a",9,NA,"",NA,"",NA,"",NA,NA,"",NA,"",NA,"",NA,"",NA,"",NA,"",NA,"",NA,"",NA,"",NA,NA,NA,NA,NA,NA,NA,NA,NA,NA,NA,NA,NA,NA,NA,NA,NA,NA,NA,158,"S",NA,6.30000019,NA,NA,NA,NA,NA,NA,NA,NA,NA,NA,158,"S",25.5,34.7000008,39.7999992,NA,NA,19.2999992,15.3999996,12.6000004,15.6999998,6,3.9000001,1.60000002,0,0,0,27,0,"l"
"56",159,"40A00217",1,22,22,4,"horizon","8727","","",30,43,"B2","Bw1","","B","","1","","","","",159,"S",NA,NA,NA,NA,NA,NA,13.1999998,NA,NA,NA,NA,0.660000026,0.389999986,NA,159,"S",NA,"",0.075000003,"6B1a",NA,"",0.670000017,"6A1a",9,NA,"",NA,"",NA,"",NA,NA,"",NA,"",NA,"",NA,"",NA,"",NA,"",NA,"",NA,"",NA,"",NA,NA,NA,NA,NA,NA,NA,NA,NA,NA,NA,NA,NA,NA,NA,NA,NA,NA,NA,159,"S",NA,6.5,NA,NA,NA,0,NA,0,NA,NA,NA,NA,159,"S",34,34,32,NA,NA,21.7999992,12.1999998,9.39999962,12.8000002,5,3.5,1.29999995,0,0,0,23,0,"cl"
"57",160,"40A00218",1,22,22,5,"horizon","8728","","",43,51,"B3","Bw2","","B","","2","","","","",160,"S",NA,NA,NA,NA,NA,NA,12.1000004,NA,NA,NA,NA,0.649999976,0.389999986,NA,160,"S",NA,"",0.0719999969,"6B1a",NA,"",0.620000005,"6A1a",9,NA,"",NA,"",NA,"",NA,NA,"",NA,"",NA,"",NA,"",NA,"",NA,"",NA,"",NA,"",NA,"",NA,NA,NA,NA,NA,NA,NA,NA,NA,NA,NA,NA,NA,NA,NA,NA,NA,NA,NA,160,"S",NA,7.80000019,NA,NA,NA,2,NA,0,NA,NA,NA,NA,160,"S",31,39,30,NA,NA,24.8999996,14.1000004,9.80000019,11.1999998,4.0999999,3.29999995,1.60000002,1,1,0,20,2,"cl"
"58",161,"40A00219",1,22,22,6,"horizon","8729","","",51,81,"Ccacs","Bky","","B","","","","","","",161,"S",NA,NA,NA,NA,NA,NA,11,NA,NA,NA,NA,0.430000007,0.360000014,NA,161,"S",NA,"",0.0419999994,"6B1a",NA,"",0.25,"6A1a",6,NA,"",NA,"",NA,"",NA,NA,"",NA,"",NA,"",NA,"",NA,"",NA,"",NA,"",NA,"",NA,"",NA,NA,NA,NA,NA,NA,NA,NA,NA,NA,NA,NA,NA,NA,NA,NA,NA,NA,NA,161,"S",NA,8.39999962,NA,NA,NA,15,NA,4,NA,NA,NA,NA,161,"S",30.6000004,43.5,25.8999996,NA,NA,30,13.5,8.89999962,10,3.4000001,2.70000005,0.899999976,0,0,0,17,0,"cl"
"59",162,"40A00220",1,22,22,7,"horizon","8730","","",81,102,"Cca","Bk","","B","","","","","","",162,"S",NA,NA,NA,NA,NA,NA,10,NA,NA,NA,NA,0.550000012,0.409999996,NA,162,"S",NA,"",NA,"",NA,"",0.170000002,"6A1a",NA,NA,"",NA,"",NA,"",NA,NA,"",NA,"",NA,"",NA,"",NA,"",NA,"",NA,"",NA,"",NA,"",NA,NA,NA,NA,NA,NA,NA,NA,NA,NA,NA,NA,NA,NA,NA,NA,NA,NA,NA,162,"S",NA,8.39999962,NA,NA,NA,10,NA,1,NA,NA,NA,NA,162,"S",24.5,41.9000015,33.5999985,NA,NA,26.7999992,15.1000004,10.3000002,13.3999996,5.0999999,3.4000001,1.39999998,1,0,0,23,1,"l"
"60",163,"40A00221",1,22,22,8,"horizon","8731","","",102,127,"C1","C1","","C","","1","","","","",163,"S",NA,NA,NA,NA,NA,NA,10.3000002,NA,NA,NA,NA,0.569999993,0.400000006,NA,163,"S",NA,"",NA,"",NA,"",0.180000007,"6A1a",NA,NA,"",NA,"",NA,"",NA,NA,"",NA,"",NA,"",NA,"",NA,"",NA,"",NA,"",NA,"",NA,"",NA,NA,NA,NA,NA,NA,NA,NA,NA,NA,NA,NA,NA,NA,NA,NA,NA,NA,NA,163,"S",NA,8.39999962,NA,NA,NA,9,NA,0,NA,NA,NA,NA,163,"S",26,44.2000008,29.7999992,NA,NA,29,15.1999998,9.80000019,10.6000004,4.5,3.29999995,1.60000002,2,1,0,20,3,"l"
"61",164,"40A00222",1,22,22,9,"horizon","8732","","",127,157,"C2","C2","","C","","2","","","","",164,"S",NA,NA,NA,NA,NA,NA,10.5,NA,NA,NA,NA,0.600000024,0.430000007,NA,164,"S",NA,"",NA,"",NA,"",0.180000007,"6A1a",NA,NA,"",NA,"",NA,"",NA,NA,"",NA,"",NA,"",NA,"",NA,"",NA,"",NA,"",NA,"",NA,"",NA,NA,NA,NA,NA,NA,NA,NA,NA,NA,NA,NA,NA,NA,NA,NA,NA,NA,NA,164,"S",NA,8.19999981,NA,NA,NA,8,NA,0,NA,NA,NA,NA,164,"S",24.7000008,45,30.2999992,NA,NA,30.6000004,14.3999996,10.1000004,11.1000004,4.0999999,3.4000001,1.60000002,0,0,0,20,0,"l"
"62",165,"40A00223",1,23,23,1,"horizon","65","","",0,20,"Ap","Ap","","A","","","","","","",165,"S",NA,NA,NA,NA,NA,NA,NA,NA,NA,NA,NA,1.13,NA,NA,165,"S",NA,"",0.259000003,"6B1a",NA,"",3.0999999,"6A1a",12,NA,"",NA,"",NA,"",NA,NA,"",NA,"",NA,"",NA,"",NA,"",NA,"",NA,"",NA,"",NA,"",NA,NA,NA,NA,NA,NA,NA,NA,NA,NA,NA,NA,NA,NA,NA,NA,NA,NA,NA,165,"S",NA,NA,NA,NA,6.69999981,0,NA,0,NA,NA,NA,NA,165,"S",20.2999992,39.2000008,40.5,NA,NA,23,16.2000008,13.8999996,16.6000004,5.5999999,3.4000001,1,0,0,0,27,0,"l"
"63",166,"40A00224",1,23,23,2,"horizon","66","","",20,46,"B2","Bw1","","B","","1","","","","",166,"S",NA,NA,NA,NA,NA,NA,NA,NA,NA,NA,NA,0.870000005,NA,NA,166,"S",NA,"",0.100000001,"6B1a",NA,"",1.00999999,"6A1a",10,NA,"",NA,"",NA,"",NA,NA,"",NA,"",NA,"",NA,"",NA,"",NA,"",NA,"",NA,"",NA,"",NA,NA,NA,NA,NA,NA,NA,NA,NA,NA,NA,NA,NA,NA,NA,NA,NA,NA,NA,166,"S",NA,NA,NA,NA,6.5999999,0,NA,0,NA,NA,NA,NA,166,"S",18.2999992,36.2999992,45.4000015,NA,NA,19.6000004,16.7000008,13.6000004,18.6000004,7,4.5999999,1.60000002,0,0,0,32,0,"l"
"64",167,"40A00225",1,23,23,3,"horizon","67","","",46,56,"B31","Bw21","","B","","21","","","","",167,"S",NA,NA,NA,NA,NA,NA,NA,NA,NA,NA,NA,0.920000017,NA,NA,167,"S",NA,"",0.0649999976,"6B1a",NA,"",0.620000005,"6A1a",10,NA,"",NA,"",NA,"",NA,NA,"",NA,"",NA,"",NA,"",NA,"",NA,"",NA,"",NA,"",NA,"",NA,NA,NA,NA,NA,NA,NA,NA,NA,NA,NA,NA,NA,NA,NA,NA,NA,NA,NA,167,"S",NA,NA,NA,NA,6.5999999,0,NA,0,NA,NA,NA,NA,167,"S",13.5,28.7999992,57.7000008,NA,NA,12.8000002,16,15.8000002,22.7999992,9.60000038,6.69999981,2.79999995,2,1,0,42,3,"fsl"
"65",168,"40A00226",1,23,23,4,"horizon","68","","",56,81,"B32","Bw22","","B","","22","","","","",168,"S",NA,NA,NA,NA,NA,NA,NA,NA,NA,NA,NA,0.839999974,NA,NA,168,"S",NA,"",0.0450000018,"6B1a",NA,"",0.409999996,"6A1a",9,NA,"",NA,"",NA,"",NA,NA,"",NA,"",NA,"",NA,"",NA,"",NA,"",NA,"",NA,"",NA,"",NA,NA,NA,NA,NA,NA,NA,NA,NA,NA,NA,NA,NA,NA,NA,NA,NA,NA,NA,168,"S",NA,NA,NA,NA,7.69999981,0,NA,0,NA,NA,NA,NA,168,"S",11.8999996,22.2999992,65.8000031,NA,NA,10.1000004,12.1999998,21.5,27.6000004,8.19999981,6,2.5,2,1,0,44,3,"fsl"
"66",169,"40A00227",1,23,23,5,"horizon","69","","",81,117,"Cca","Bk","","B","","","","","","",169,"S",NA,NA,NA,NA,NA,NA,NA,NA,NA,NA,NA,0.579999983,NA,NA,169,"S",NA,"",0.0439999998,"6B1a",NA,"",0.389999986,"6A1a",9,NA,"",NA,"",NA,"",NA,NA,"",NA,"",NA,"",NA,"",NA,"",NA,"",NA,"",NA,"",NA,"",NA,NA,NA,NA,NA,NA,NA,NA,NA,NA,NA,NA,NA,NA,NA,NA,NA,NA,NA,169,"S",NA,NA,NA,NA,8.19999981,16,NA,0,NA,NA,NA,NA,169,"S",19.7000008,54.2000008,26.1000004,NA,NA,27.3999996,26.7999992,14.8000002,6.80000019,2.0999999,1.60000002,0.800000012,0,0,0,11,0,"sil"
"67",170,"40A00228",1,23,23,6,"horizon","70","","",117,152,"D","C","","C","","","","","","",170,"S",NA,NA,NA,NA,NA,NA,NA,NA,NA,NA,NA,0.569999993,NA,NA,170,"S",NA,"",0.0280000009,"6B1a",NA,"",0.280000001,"6A1a",10,NA,"",NA,"",NA,"",NA,NA,"",NA,"",NA,"",NA,"",NA,"",NA,"",NA,"",NA,"",NA,"",NA,NA,NA,NA,NA,NA,NA,NA,NA,NA,NA,NA,NA,NA,NA,NA,NA,NA,NA,170,"S",NA,NA,NA,NA,8.30000019,14,NA,0,NA,NA,NA,NA,170,"S",22.7999992,40.2000008,37,NA,NA,24.7000008,15.5,11,13.8999996,5.30000019,4.4000001,2.4000001,3,2,0,26,5,"l"
"68",171,"40A00229",1,24,24,1,"horizon","1843","","",0,13,"Ap","Ap","","A","","","","","","",171,"S",NA,NA,NA,NA,NA,NA,9.89999962,NA,NA,NA,NA,1.13,0.550000012,NA,171,"S",NA,"",NA,"",NA,"",2.45000005,"6A1a",NA,NA,"",NA,"",NA,"",NA,NA,"",NA,"",NA,"",NA,"",NA,"",NA,"",NA,"",NA,"",NA,"",NA,NA,NA,NA,NA,NA,NA,NA,NA,NA,NA,NA,NA,NA,NA,NA,NA,NA,NA,171,"S",NA,NA,NA,NA,6.5999999,0,NA,NA,NA,NA,NA,NA,171,"S",18,39.0999985,42.9000015,NA,NA,17.6000004,21.5,18.3999996,14.1000004,5,4.19999981,1.20000005,0,0,0,25,0,"l"
"69",172,"40A00230",1,24,24,2,"horizon","1844","","",13,36,"B2","E","","E","","","","","","",172,"S",NA,NA,NA,NA,NA,NA,9.39999962,NA,NA,NA,NA,0.910000026,0.49000001,NA,172,"S",NA,"",NA,"",NA,"",1.02999997,"6A1a",NA,NA,"",NA,"",NA,"",NA,NA,"",NA,"",NA,"",NA,"",NA,"",NA,"",NA,"",NA,"",NA,"",NA,NA,NA,NA,NA,NA,NA,NA,NA,NA,NA,NA,NA,NA,NA,NA,NA,NA,NA,172,"S",NA,NA,NA,NA,7.5,0,NA,NA,NA,NA,NA,NA,172,"S",19.2999992,37.5,43.2000008,NA,NA,15.8999996,21.6000004,18.7999992,13.6000004,4.5999999,4.19999981,2,1,1,0,24,2,"l"
"70",173,"40A00231",1,24,24,3,"horizon","1845","","",36,74,"Cca1","Bk1","","B","","1","","","","",173,"S",NA,NA,NA,NA,NA,NA,7,NA,NA,NA,NA,0.409999996,0.319999993,NA,173,"S",NA,"",NA,"",NA,"",0.430000007,"6A1a",NA,NA,"",NA,"",NA,"",NA,NA,"",NA,"",NA,"",NA,"",NA,"",NA,"",NA,"",NA,"",NA,"",NA,NA,NA,NA,NA,NA,NA,NA,NA,NA,NA,NA,NA,NA,NA,NA,NA,NA,NA,173,"S",NA,NA,NA,NA,8.39999962,21,NA,NA,NA,NA,NA,NA,173,"S",22.1000004,35.5,42.4000015,NA,NA,21.2999992,14.1999998,17.2999992,14.1000004,4.0999999,4.0999999,2.79999995,2,1,0,25,3,"l"
"71",174,"40A00232",1,24,24,4,"horizon","1846","","",74,89,"Cca2","Bk2","","B","","2","","","","",174,"S",NA,NA,NA,NA,NA,NA,7.30000019,NA,NA,NA,NA,0.550000012,0.400000006,NA,174,"S",NA,"",NA,"",NA,"",0.200000003,"6A1a",NA,NA,"",NA,"",NA,"",NA,NA,"",NA,"",NA,"",NA,"",NA,"",NA,"",NA,"",NA,"",NA,"",NA,NA,NA,NA,NA,NA,NA,NA,NA,NA,NA,NA,NA,NA,NA,NA,NA,NA,NA,174,"S",NA,NA,NA,NA,8.39999962,16,NA,0,NA,NA,NA,NA,174,"S",18.2000008,34.5,47.2999992,NA,NA,18.2000008,16.2999992,16.8999996,15.6999998,5,5.0999999,4.5999999,2,1,0,30,3,"l"
"72",175,"40A00233",1,24,24,5,"horizon","1847","","",89,119,"Cca3","Bk3","","B","","3","","","","",175,"S",NA,NA,NA,NA,NA,NA,6.30000019,NA,NA,NA,NA,0.699999988,0.449999988,NA,175,"S",NA,"",NA,"",NA,"",0.109999999,"6A1a",NA,NA,"",NA,"",NA,"",NA,NA,"",NA,"",NA,"",NA,"",NA,"",NA,"",NA,"",NA,"",NA,"",NA,NA,NA,NA,NA,NA,NA,NA,NA,NA,NA,NA,NA,NA,NA,NA,NA,NA,NA,175,"S",NA,NA,NA,NA,8.30000019,12,NA,0,NA,NA,NA,NA,175,"S",13.8999996,35.9000015,50.2000008,NA,NA,17.7000008,18.2000008,18.6000004,15.6000004,5.4000001,5.80000019,4.80000019,2,2,0,32,4,"l"
"73",176,"40A00234",1,24,24,6,"horizon","1848","","",119,152,"C","C","","C","","","","","","",176,"S",NA,NA,NA,NA,NA,NA,6.80000019,NA,NA,NA,NA,0.699999988,0.479999989,NA,176,"S",NA,"",NA,"",NA,"",0.109999999,"6A1a",NA,NA,"",NA,"",NA,"",NA,NA,"",NA,"",NA,"",NA,"",NA,"",NA,"",NA,"",NA,"",NA,"",NA,NA,NA,NA,NA,NA,NA,NA,NA,NA,NA,NA,NA,NA,NA,NA,NA,NA,NA,176,"S",NA,NA,NA,NA,8.19999981,13,NA,0,NA,NA,NA,NA,176,"S",14.3000002,34.9000015,50.7999992,NA,NA,15.8999996,19,18.6000004,15.8000002,5.5,6.0999999,4.80000019,3,2,0,32,5,"l"
"74",177,"40A00235",1,25,25,1,"horizon","1849","","",0,13,"Ap","Ap","","A","","","","","","",177,"S",NA,NA,NA,NA,NA,NA,9.5,NA,NA,NA,NA,1.14999998,0.560000002,NA,177,"S",NA,"",NA,"",NA,"",2.07999992,"6A1a",NA,NA,"",NA,"",NA,"",NA,NA,"",NA,"",NA,"",NA,"",NA,"",NA,"",NA,"",NA,"",NA,"",NA,NA,NA,NA,NA,NA,NA,NA,NA,NA,NA,NA,NA,NA,NA,NA,NA,NA,NA,177,"S",NA,NA,NA,NA,7.0999999,0,NA,NA,NA,NA,NA,NA,177,"S",17.1000004,33.9000015,49,NA,NA,15.1999998,18.7000008,23.8999996,16.2999992,4.4000001,3,1.39999998,0,0,0,25,0,"l"
"75",178,"40A00236",1,25,25,2,"horizon","1850","","",13,30,"B2","E","","E","","","","","","",178,"S",NA,NA,NA,NA,NA,NA,9.30000019,NA,NA,NA,NA,0.99000001,0.50999999,NA,178,"S",NA,"",NA,"",NA,"",1.15999997,"6A1a",NA,NA,"",NA,"",NA,"",NA,NA,"",NA,"",NA,"",NA,"",NA,"",NA,"",NA,"",NA,"",NA,"",NA,NA,NA,NA,NA,NA,NA,NA,NA,NA,NA,NA,NA,NA,NA,NA,NA,NA,NA,178,"S",NA,NA,NA,NA,7.30000019,0,NA,NA,NA,NA,NA,NA,178,"S",18.2000008,31.7999992,50,NA,NA,15.8000002,16,19.8999996,17.7999992,5.30000019,4.4000001,2.5999999,1,1,0,30,2,"l"
"76",179,"40A00237",1,25,25,3,"horizon","1851","","",30,38,"B3ca","Bk1","","B","","1","","","","",179,"S",NA,NA,NA,NA,NA,NA,9.19999981,NA,NA,NA,NA,0.779999971,0.469999999,NA,179,"S",NA,"",NA,"",NA,"",0.959999979,"6A1a",NA,NA,"",NA,"",NA,"",NA,NA,"",NA,"",NA,"",NA,"",NA,"",NA,"",NA,"",NA,"",NA,"",NA,NA,NA,NA,NA,NA,NA,NA,NA,NA,NA,NA,NA,NA,NA,NA,NA,NA,NA,179,"S",NA,NA,NA,NA,7.5,4,NA,NA,NA,NA,NA,NA,179,"S",19.6000004,26.1000004,54.2999992,NA,NA,14.5,11.6000004,19.3999996,21,5.9000001,5.0999999,2.9000001,2,1,0,35,3,"fsl"
"77",180,"40A00238",1,25,25,4,"horizon","1852","","",38,66,"Cca","Bk2","","B","","2","","","","",180,"S",NA,NA,NA,NA,NA,NA,10.5,NA,NA,NA,NA,0.340000004,0.289999992,NA,180,"S",NA,"",NA,"",NA,"",0.689999998,"6A1a",NA,NA,"",NA,"",NA,"",NA,NA,"",NA,"",NA,"",NA,"",NA,"",NA,"",NA,"",NA,"",NA,"",NA,NA,NA,NA,NA,NA,NA,NA,NA,NA,NA,NA,NA,NA,NA,NA,NA,NA,NA,180,"S",NA,NA,NA,NA,8.19999981,28,NA,0,NA,NA,NA,NA,180,"S",35.9000015,35.7999992,28.2999992,NA,NA,27.7000008,8.10000038,11,10.6999998,2.79999995,2.20000005,1.60000002,1,1,0,17,2,"cl"
"78",181,"40A00239",1,25,25,5,"horizon","1853","","",66,107,"C1","C1","","C","","1","","","","",181,"S",NA,NA,NA,NA,NA,NA,6.69999981,NA,NA,NA,NA,0.709999979,0.430000007,NA,181,"S",NA,"",NA,"",NA,"",0.189999998,"6A1a",NA,NA,"",NA,"",NA,"",NA,NA,"",NA,"",NA,"",NA,"",NA,"",NA,"",NA,"",NA,"",NA,"",NA,NA,NA,NA,NA,NA,NA,NA,NA,NA,NA,NA,NA,NA,NA,NA,NA,NA,NA,181,"S",NA,NA,NA,NA,8.19999981,9,NA,0,NA,NA,NA,NA,181,"S",15.6000004,35.7000008,48.7000008,NA,NA,19.2000008,16.5,17.6000004,17.3999996,5.4000001,5,3.29999995,2,1,0,31,3,"l"
"79",182,"40A00240",1,25,25,6,"horizon","1854","","",107,152,"C2","C2","","C","","2","","","","",182,"S",NA,NA,NA,NA,NA,NA,6.5999999,NA,NA,NA,NA,0.74000001,0.439999998,NA,182,"S",NA,"",NA,"",NA,"",0.170000002,"6A1a",NA,NA,"",NA,"",NA,"",NA,NA,"",NA,"",NA,"",NA,"",NA,"",NA,"",NA,"",NA,"",NA,"",NA,NA,NA,NA,NA,NA,NA,NA,NA,NA,NA,NA,NA,NA,NA,NA,NA,NA,NA,182,"S",NA,NA,NA,NA,8.19999981,8,NA,0,NA,NA,NA,NA,182,"S",15,35.5999985,49.4000015,NA,NA,19.3999996,16.2000008,17.7999992,17.6000004,5.5999999,5.0999999,3.29999995,2,1,0,32,3,"l"
"80",183,"40A00241",1,26,26,1,"horizon","882","","",0,15,"Ap","Ap","","A","","","","","","",183,"S",NA,NA,NA,NA,NA,NA,6.69999981,NA,NA,NA,NA,1.73000002,0.850000024,NA,183,"S",NA,"",0.164000005,"6B1a",NA,"",1.89999998,"6A1a",12,NA,"",NA,"",NA,"",NA,NA,"",NA,"",NA,"",NA,"",NA,"",NA,"",NA,"",NA,"",NA,"",NA,NA,NA,NA,NA,NA,NA,NA,NA,NA,NA,NA,NA,NA,NA,NA,NA,NA,NA,183,"S",NA,NA,NA,NA,7.0999999,0,NA,0,NA,NA,NA,NA,183,"S",7.9000001,15.5,76.5999985,NA,NA,5.69999981,9.80000019,32.4000015,36.9000015,6,1.20000005,0.100000001,0,0,0,44,0,"fsl"
"81",184,"40A00242",1,26,26,2,"horizon","883","","",15,36,"A3","A","","A","","","","","","",184,"S",NA,NA,NA,NA,NA,NA,5.80000019,NA,NA,NA,NA,1.23000002,0.620000005,NA,184,"S",NA,"",0.0970000029,"6B1a",NA,"",1.04999995,"6A1a",11,NA,"",NA,"",NA,"",NA,NA,"",NA,"",NA,"",NA,"",NA,"",NA,"",NA,"",NA,"",NA,"",NA,NA,NA,NA,NA,NA,NA,NA,NA,NA,NA,NA,NA,NA,NA,NA,NA,NA,NA,184,"S",NA,NA,NA,NA,7.4000001,0,NA,0,NA,NA,NA,NA,184,"S",9.39999962,17.3999996,73.1999969,NA,NA,6.19999981,11.1999998,34.0999985,33.5,4.69999981,0.899999976,0,0,0,0,39,0,"vfsl"
"82",185,"40A00243",1,26,26,3,"horizon","884","","",36,71,"B","Bw","","B","","","","","","",185,"S",NA,NA,NA,NA,NA,NA,5,NA,NA,NA,NA,0.980000019,0.519999981,NA,185,"S",NA,"",0.0529999994,"6B1a",NA,"",0.5,"6A1a",9,NA,"",NA,"",NA,"",NA,NA,"",NA,"",NA,"",NA,"",NA,"",NA,"",NA,"",NA,"",NA,"",NA,NA,NA,NA,NA,NA,NA,NA,NA,NA,NA,NA,NA,NA,NA,NA,NA,NA,NA,185,"S",NA,NA,NA,NA,7.80000019,0,NA,0,NA,NA,NA,NA,185,"S",9.60000038,16,74.4000015,NA,NA,5.4000001,10.6000004,35.2999992,33.7000008,4.69999981,0.699999988,0,0,0,0,39,0,"vfsl"
"83",186,"40A00244",1,26,26,4,"horizon","885","","",84,97,"Ccag1&2","Bkg1/Bkg2","","B","","1","/ Bkg2","","","",186,"S",NA,NA,NA,NA,NA,NA,5.30000019,NA,NA,NA,NA,0.340000004,0.360000014,NA,186,"S",NA,"",0.0320000015,"6B1a",NA,"",0.0799999982,"6A1a",3,NA,"",NA,"",NA,"",NA,NA,"",NA,"",NA,"",NA,"",NA,"",NA,"",NA,"",NA,"",NA,"",NA,NA,NA,NA,NA,NA,NA,NA,NA,NA,NA,NA,NA,NA,NA,NA,NA,NA,NA,186,"S",NA,NA,NA,NA,8.10000038,16,NA,0,NA,NA,NA,NA,186,"S",14.8999996,16.6000004,68.5,NA,NA,4.69999981,11.8999996,33.7000008,30.1000004,4.0999999,0.600000024,0,0,0,0,35,0,"vfsl"
"84",187,"40A00245",1,26,26,5,"horizon","886","","",97,135,"C1","C1","","C","","1","","","","",187,"S",NA,NA,NA,NA,NA,NA,3.4000001,NA,NA,NA,NA,0.550000012,0.389999986,NA,187,"S",NA,"",0.0140000004,"6B1a",NA,"",0.100000001,"6A1a",7,NA,"",NA,"",NA,"",NA,NA,"",NA,"",NA,"",NA,"",NA,"",NA,"",NA,"",NA,"",NA,"",NA,NA,NA,NA,NA,NA,NA,NA,NA,NA,NA,NA,NA,NA,NA,NA,NA,NA,NA,187,"S",NA,NA,NA,NA,8.10000038,12,NA,0,NA,NA,NA,NA,187,"S",8.69999981,14.3000002,77,NA,NA,2.4000001,11.8999996,50,23.8999996,2.70000005,0.400000006,0,0,0,0,27,0,"vfsl"
"85",188,"40A00246",1,26,26,6,"horizon","887","","",135,152,"C2","C2","","C","","2","","","","",188,"S",NA,NA,NA,NA,NA,NA,3,NA,NA,NA,NA,0.720000029,0.449999988,NA,188,"S",NA,"",0.00899999961,"6B1a",NA,"",0.0399999991,"6A1a",4,NA,"",NA,"",NA,"",NA,NA,"",NA,"",NA,"",NA,"",NA,"",NA,"",NA,"",NA,"",NA,"",NA,NA,NA,NA,NA,NA,NA,NA,NA,NA,NA,NA,NA,NA,NA,NA,NA,NA,NA,188,"S",NA,NA,NA,NA,8.19999981,10,NA,0,NA,NA,NA,NA,188,"S",6.69999981,14.8999996,78.4000015,NA,NA,2.0999999,12.8000002,53.5,22.1000004,2.29999995,0.5,0,0,0,0,25,0,"lvfs"
"86",189,"40A00247",1,27,27,1,"horizon","4487","","",0,15,"A1","A","","A","","","","","","",189,"S",NA,NA,NA,NA,NA,NA,12.1999998,NA,NA,NA,NA,0.879999995,0.469999999,NA,189,"S",NA,"",0.210999995,"6B1a",NA,"",2.43000007,"6A1a",12,NA,"",NA,"",NA,"",NA,NA,"",NA,"",NA,"",NA,"",NA,"",NA,"",NA,"",NA,"",NA,"",NA,NA,NA,NA,NA,NA,NA,NA,NA,NA,NA,NA,NA,NA,NA,NA,NA,NA,NA,189,"S",NA,NA,NA,NA,7.19999981,0,NA,NA,NA,NA,NA,NA,189,"S",26,31.8999996,42.0999985,NA,NA,15.8999996,16,20,20,1.39999998,0.600000024,0.100000001,0,0,0,22,0,"l"
"87",190,"40A00248",1,27,27,2,"horizon","4488","","",15,25,"B21","Bw1","","B","","1","","","","",190,"S",NA,NA,NA,NA,NA,NA,12.8999996,NA,NA,NA,NA,0.779999971,0.430000007,NA,190,"S",NA,"",0.107000001,"6B1a",NA,"",1.02999997,"6A1a",10,NA,"",NA,"",NA,"",NA,NA,"",NA,"",NA,"",NA,"",NA,"",NA,"",NA,"",NA,"",NA,"",NA,NA,NA,NA,NA,NA,NA,NA,NA,NA,NA,NA,NA,NA,NA,NA,NA,NA,NA,190,"S",NA,NA,NA,NA,7.4000001,0,NA,NA,NA,NA,NA,NA,190,"S",30.2999992,29.3999996,40.2999992,NA,NA,14.6999998,14.6999998,19.2999992,19.3999996,1.20000005,0.400000006,0,0,0,0,21,0,"cl"
"88",191,"40A00249",1,27,27,3,"horizon","4489","","",25,43,"B22","Bw2","","B","","2","","","","",191,"S",NA,NA,NA,NA,NA,NA,12.6000004,NA,NA,NA,NA,0.699999988,0.419999987,NA,191,"S",NA,"",0.0790000036,"6B1a",NA,"",0.819999993,"6A1a",10,NA,"",NA,"",NA,"",NA,NA,"",NA,"",NA,"",NA,"",NA,"",NA,"",NA,"",NA,"",NA,"",NA,NA,NA,NA,NA,NA,NA,NA,NA,NA,NA,NA,NA,NA,NA,NA,NA,NA,NA,191,"S",NA,NA,NA,NA,7.9000001,3,NA,NA,NA,NA,NA,NA,191,"S",30.2000008,28.7000008,41.0999985,NA,NA,14.3999996,14.3000002,19.1000004,20.2999992,1.20000005,0.400000006,0.100000001,0,0,0,22,0,"cl"
"89",192,"40A00250",1,27,27,4,"horizon","4490","","",43,61,"B3ca","Bk","","B","","","","","","",192,"S",NA,NA,NA,NA,NA,NA,12.1999998,NA,NA,NA,NA,0.370000005,0.310000002,NA,192,"S",NA,"",0.0680000037,"6B1a",NA,"",0.620000005,"6A1a",9,NA,"",NA,"",NA,"",NA,NA,"",NA,"",NA,"",NA,"",NA,"",NA,"",NA,"",NA,"",NA,"",NA,NA,NA,NA,NA,NA,NA,NA,NA,NA,NA,NA,NA,NA,NA,NA,NA,NA,NA,192,"S",NA,NA,NA,NA,8.19999981,26,NA,NA,NA,NA,NA,NA,192,"S",39.2999992,24.2999992,36.4000015,NA,NA,14.8999996,9.39999962,16.7000008,18.1000004,1.20000005,0.300000012,0.100000001,0,0,0,20,0,"cl"
"90",193,"40A00251",1,27,27,5,"horizon","4491","","",61,76,"2C1","2B1","2","B","","1","","","","",193,"S",NA,NA,NA,NA,NA,NA,6.5,NA,NA,NA,NA,0.409999996,0.330000013,NA,193,"S",NA,"",NA,"",NA,"",0.200000003,"6A1a",NA,NA,"",NA,"",NA,"",NA,NA,"",NA,"",NA,"",NA,"",NA,"",NA,"",NA,"",NA,"",NA,"",NA,NA,NA,NA,NA,NA,NA,NA,NA,NA,NA,NA,NA,NA,NA,NA,NA,NA,NA,193,"S",NA,NA,NA,NA,8.30000019,22,NA,NA,NA,NA,NA,NA,193,"S",19.5,30.2999992,50.2000008,NA,NA,13.1000004,17.2000008,29.3999996,20.2000008,0.5,0.100000001,0,0,0,0,21,0,"l"
"91",194,"40A00252",1,27,27,6,"horizon","4492","","",76,102,"2C2","2B2","2","B","","2","","","","",194,"S",NA,NA,NA,NA,NA,NA,7.30000019,NA,NA,NA,NA,0.560000002,0.349999994,NA,194,"S",NA,"",NA,"",NA,"",0.189999998,"6A1a",NA,NA,"",NA,"",NA,"",NA,NA,"",NA,"",NA,"",NA,"",NA,"",NA,"",NA,"",NA,"",NA,"",NA,NA,NA,NA,NA,NA,NA,NA,NA,NA,NA,NA,NA,NA,NA,NA,NA,NA,NA,194,"S",NA,NA,NA,NA,8,24,NA,NA,NA,NA,NA,NA,194,"S",21,51.5999985,27.3999996,NA,NA,26.3999996,25.2000008,20.7000008,6.5,0.200000003,0,0,0,0,0,7,0,"sil"
"92",195,"40A00253",1,27,27,7,"horizon","4493","","",102,122,"2C3ca","2Bk","2","B","","","","","","",195,"S",NA,NA,NA,NA,NA,NA,7.80000019,NA,NA,NA,NA,0.730000019,0.460000008,NA,195,"S",NA,"",NA,"",NA,"",0.150000006,"6A1a",NA,NA,"",NA,"",NA,"",NA,NA,"",NA,"",NA,"",NA,"",NA,"",NA,"",NA,"",NA,"",NA,"",NA,NA,NA,NA,NA,NA,NA,NA,NA,NA,NA,NA,NA,NA,NA,NA,NA,NA,NA,195,"S",NA,NA,NA,NA,7.9000001,18,NA,NA,NA,NA,NA,NA,195,"S",16.8999996,64.5999985,18.5,NA,NA,30.8999996,33.7000008,12.8000002,5.19999981,0.200000003,0.100000001,0.200000003,0,0,0,6,0,"sil"
"93",196,"40A00254",1,27,27,8,"horizon","4494","","",122,152,"2C4","2C","2","C","","","","","","",196,"S",NA,NA,NA,NA,NA,NA,6.69999981,NA,NA,NA,NA,0.889999986,0.600000024,NA,196,"S",NA,"",NA,"",NA,"",0.0799999982,"6A1a",NA,NA,"",NA,"",NA,"",NA,NA,"",NA,"",NA,"",NA,"",NA,"",NA,"",NA,"",NA,"",NA,"",NA,NA,NA,NA,NA,NA,NA,NA,NA,NA,NA,NA,NA,NA,NA,NA,NA,NA,NA,196,"S",NA,NA,NA,NA,8.10000038,9,NA,NA,NA,NA,NA,NA,196,"S",11.1999998,60.7999992,28,NA,NA,14.5,46.2999992,26.8999996,0.899999976,0.100000001,0.100000001,0,0,0,0,1,0,"sil"
"94",197,"40A00255",1,28,28,1,"horizon","4502","","",0,13,"A1p","Ap","","A","","","","","","",197,"S",NA,NA,NA,NA,NA,NA,12.1000004,NA,NA,NA,NA,0.930000007,0.469999999,NA,197,"S",NA,"",0.167999998,"6B1a",NA,"",2.04999995,"6A1a",12,NA,"",NA,"",NA,"",NA,NA,"",NA,"",NA,"",NA,"",NA,"",NA,"",NA,"",NA,"",NA,"",NA,NA,NA,NA,NA,NA,NA,NA,NA,NA,NA,NA,NA,NA,NA,NA,NA,NA,NA,197,"S",NA,NA,NA,NA,7.69999981,0,NA,NA,NA,NA,NA,NA,197,"S",25.7999992,32,42.2000008,NA,NA,17.7999992,14.1999998,16.2000008,24,1.60000002,0.400000006,0,0,0,0,26,0,"l"
"95",198,"40A00256",1,28,28,2,"horizon","4503","","",13,23,"B2","E","","E","","","","","","",198,"S",NA,NA,NA,NA,NA,NA,17.7000008,NA,NA,NA,NA,0.819999993,0.479999989,NA,198,"S",NA,"",0.0960000008,"6B1a",NA,"",1.13,"6A1a",12,NA,"",NA,"",NA,"",NA,NA,"",NA,"",NA,"",NA,"",NA,"",NA,"",NA,"",NA,"",NA,"",NA,NA,NA,NA,NA,NA,NA,NA,NA,NA,NA,NA,NA,NA,NA,NA,NA,NA,NA,198,"S",NA,NA,NA,NA,7.9000001,0,NA,NA,NA,NA,NA,NA,198,"S",36.9000015,35.9000015,27.2000008,NA,NA,23,12.8999996,10.1999998,15.8000002,0.899999976,0.200000003,0.100000001,0,0,0,17,0,"cl"
"96",199,"40A00257",1,28,28,3,"horizon","4504","","",23,36,"B3ca","Bk1","","B","","1","","","","",199,"S",NA,NA,NA,NA,NA,NA,17.7999992,NA,NA,NA,NA,0.600000024,0.360000014,NA,199,"S",NA,"",0.0729999989,"6B1a",NA,"",0.839999974,"6A1a",12,NA,"",NA,"",NA,"",NA,NA,"",NA,"",NA,"",NA,"",NA,"",NA,"",NA,"",NA,"",NA,"",NA,NA,NA,NA,NA,NA,NA,NA,NA,NA,NA,NA,NA,NA,NA,NA,NA,NA,NA,199,"S",NA,NA,NA,NA,8.39999962,6,NA,NA,NA,NA,NA,NA,199,"S",48.9000015,34.2000008,16.8999996,NA,NA,26.3999996,7.80000019,6.19999981,10,0.600000024,0.100000001,0,0,0,0,11,0,"c"
"97",200,"40A00258",1,28,28,4,"horizon","4505","","",36,66,"Cca","Bk2","","B","","2","","","","",200,"S",NA,NA,NA,NA,NA,NA,15.3000002,NA,NA,NA,NA,0.439999998,0.289999992,NA,200,"S",NA,"",0.0489999987,"6B1a",NA,"",0.460000008,"6A1a",9,NA,"",NA,"",NA,"",NA,NA,"",NA,"",NA,"",NA,"",NA,"",NA,"",NA,"",NA,"",NA,"",NA,NA,NA,NA,NA,NA,NA,NA,NA,NA,NA,NA,NA,NA,NA,NA,NA,NA,NA,200,"S",NA,NA,NA,NA,8.39999962,32,NA,NA,NA,NA,NA,NA,200,"S",52.2999992,33.9000015,13.8000002,NA,NA,30.7999992,3.0999999,4.4000001,8.80000019,0.300000012,0.200000003,0.100000001,0,0,0,9,0,"c"
"98",201,"40A00259",1,28,28,5,"horizon","4506","","",66,99,"D1","C1","","C","","1","","","","",201,"S",NA,NA,NA,NA,NA,NA,3.5999999,NA,NA,NA,NA,0.980000019,0.629999995,NA,201,"S",NA,"",NA,"",NA,"",0.0799999982,"6A1a",NA,NA,"",NA,"",NA,"",NA,NA,"",NA,"",NA,"",NA,"",NA,"",NA,"",NA,"",NA,"",NA,"",NA,NA,NA,NA,NA,NA,NA,NA,NA,NA,NA,NA,NA,NA,NA,NA,NA,NA,NA,201,"S",NA,NA,NA,NA,8.30000019,5,NA,NA,NA,NA,NA,NA,201,"S",5.69999981,10.8999996,83.4000015,NA,NA,3.4000001,7.5,28.6000004,54.0999985,0.5,0.100000001,0.100000001,0,0,0,55,0,"lfs"
"99",202,"40A00260",1,28,28,6,"horizon","4507","","",99,135,"D2","C2","","C","","2","","","","",202,"S",NA,NA,NA,NA,NA,NA,2.20000005,NA,NA,NA,NA,1.29999995,0.810000002,NA,202,"S",NA,"",NA,"",NA,"",0.0500000007,"6A1a",NA,NA,"",NA,"",NA,"",NA,NA,"",NA,"",NA,"",NA,"",NA,"",NA,"",NA,"",NA,"",NA,"",NA,NA,NA,NA,NA,NA,NA,NA,NA,NA,NA,NA,NA,NA,NA,NA,NA,NA,NA,202,"S",NA,NA,NA,NA,8,4,NA,NA,NA,NA,NA,NA,202,"S",2.70000005,3.79999995,93.5,NA,NA,1.89999998,1.89999998,13.8000002,78.9000015,0.800000012,0,0,0,0,0,80,0,"fs"
"100",203,"40A00261",1,28,28,7,"horizon","4508","","",135,152,"D3","C3","","C","","3","","","","",203,"S",NA,NA,NA,NA,NA,NA,2.5,NA,NA,NA,NA,1.5,0.889999986,NA,203,"S",NA,"",NA,"",NA,"",0.0599999987,"6A1a",NA,NA,"",NA,"",NA,"",NA,NA,"",NA,"",NA,"",NA,"",NA,"",NA,"",NA,"",NA,"",NA,"",NA,NA,NA,NA,NA,NA,NA,NA,NA,NA,NA,NA,NA,NA,NA,NA,NA,NA,NA,203,"S",NA,NA,NA,NA,8.30000019,4,NA,NA,NA,NA,NA,NA,203,"S",2.79999995,3.29999995,93.9000015,NA,NA,2.4000001,0.899999976,15.8000002,77.6999969,0.400000006,0,0,0,0,0,78,0,"fs"
