layer_unique_number,layer_distribution_folder,layer_filename_pattern,layer_filename_shortname,layer_gee_id,layer_gee_product_list,layer_filename_sld,variable_generic_name,layer_display_type,layer_theme,layer_title,layer_title_description,layer_units,layer_derivation_url,layer_description_url,layer_organization,layer_contact,layer_contact_email,layer_data_license,layer_data_license_url,layer_citation_date,layer_citation_title,layer_citation_doi,layer_download_url,layer_zenodo_deposit,layer_metadata_url,layer_public_download
1.1,layers250m,dtm_slope_merit.dem_m_250m_s0..0cm_2017_v1.0.tif,dtm_slope_merit.dem_m,DTM_SLOPE_MERIT-DEM_M,"relief,slope,merit,dem",dtm_slope_merit.dem_m.sld,slope,2D_N,dtm,Slope in radians,Based on the MERIT DEM (Yamazaki et al. 2017) derived using SAGA GIS and Equi7 grid system.,radians,https://github.com/Envirometrix/LandGISmaps/tree/master/input_layers/MERIT,https://github.com/Envirometrix/LandGISmaps#relief-and-geology,EnvirometriX Ltd,Tom Hengl,tom.hengl@envirometrix.net,Creative Commons Attribution Share-Alike 4.0,https://creativecommons.org/licenses/by-sa/4.0/,5-Oct-2018,"Global DEM derivatives at 250 m, 1 km and 2 km based on the MERIT DEM",10.5281/zenodo.1447209,https://doi.org/10.5281/zenodo.1447209,1447210,http://www.saga-gis.org/saga_tool_doc/2.1.4/ta_morphometry_0.html,1
1.2,layers500m,dtm_twi_merit.dem_m_500m_s0..0cm_2017_v1.0.tif,dtm_twi_merit.dem_m,DTM_TWI_MERIT-DEM_M,"twi,merit,dem",dtm_twi_merit.dem_m.sld,twi,2D_N,dtm,SAGA Topographic Wetness Index (TWI),Based on the MERIT DEM (Yamazaki et al. 2017) derived using SAGA GIS and Equi7 grid system.,index,https://github.com/Envirometrix/LandGISmaps/tree/master/input_layers/MERIT,https://github.com/Envirometrix/LandGISmaps#relief-and-geology,EnvirometriX Ltd,Tom Hengl,tom.hengl@envirometrix.net,Creative Commons Attribution Share-Alike 4.0,https://creativecommons.org/licenses/by-sa/4.0/,5-Oct-2018,"Global DEM derivatives at 250 m, 1 km and 2 km based on the MERIT DEM",10.5281/zenodo.1447209,https://doi.org/10.5281/zenodo.1447209,1447210,http://www.saga-gis.org/saga_tool_doc/2.1.4/ta_hydrology_15.html,1
1.3,layers250m,dtm_vbf_merit.dem_m_250m_s0..0cm_2017_v1.0.tif,dtm_vbf_merit.dem_m,DTM_VBF_MERIT-DEM_M,"vbf,merit,dem",dtm_vbf_merit.dem_m.sld,vbf,2D_N,dtm,Module Multiresolution Index of Valley Bottom Flatness (MRVBF),Based on the MERIT DEM (Yamazaki et al. 2017) derived using SAGA GIS and Equi7 grid system.,index,https://github.com/Envirometrix/LandGISmaps/tree/master/input_layers/MERIT,https://github.com/Envirometrix/LandGISmaps#relief-and-geology,EnvirometriX Ltd,Tom Hengl,tom.hengl@envirometrix.net,Creative Commons Attribution Share-Alike 4.0,https://creativecommons.org/licenses/by-sa/4.0/,5-Oct-2018,"Global DEM derivatives at 250 m, 1 km and 2 km based on the MERIT DEM",10.5281/zenodo.1447209,https://doi.org/10.5281/zenodo.1447209,1447210,http://www.saga-gis.org/saga_tool_doc/2.1.4/ta_morphometry_8.html,1
1.4,layers250m,dtm_lithology_usgs.ecotapestry_c_250m_s0..0cm_2014_v1.0.tif,dtm_lithology_usgs.ecotapestry_c,DTM_LITHOLOGY_USGS-ECOTAPESTRY_C,"rock,usgs",dtm_lithology_usgs.ecotapestry_c.sld,lithology,2D_F,dtm,Rock type,"Based on the USGS Global Ecophysiography map / Global Lithological Map database v1.1 (GLiM, Hartmann and Moosdorf, 2012).",factor,https://github.com/Envirometrix/LandGISmaps,https://github.com/Envirometrix/LandGISmaps#relief-and-geology,USGS Geosciences and Environmental Change Science Center,Roger Sayre,,Creative Commons Attribution Share-Alike 4.0,https://creativecommons.org/licenses/by-sa/4.0/,5-Oct-2018,Global landform and lithology class at 250 m based on the USGS global ecosystem map,10.5281/zenodo.1447198,https://doi.org/10.5281/zenodo.1447198,1464846,http://gec.cr.usgs.gov/,1
1.5,layers250m,dtm_landform_usgs.ecotapestry_c_250m_s0..0cm_2014_v1.0.tif,dtm_landform_usgs.ecotapestry_c,DTM_LANDFORM_USGS-ECOTAPESTRY_C,"landform,usgs",dtm_landform_usgs.ecotapestry_c.sld,landform,2D_F,dtm,Landform class,Based on the USGS Global Ecophysiography map.,factor,https://github.com/Envirometrix/LandGISmaps,https://github.com/Envirometrix/LandGISmaps#relief-and-geology,USGS Geosciences and Environmental Change Science Center,Roger Sayre,,Creative Commons Attribution Share-Alike 4.0,https://creativecommons.org/licenses/by-sa/4.0/,5-Oct-2018,Global landform and lithology class at 250 m based on the USGS global ecosystem map,10.5281/zenodo.1447198,https://doi.org/10.5281/zenodo.1447198,1464846,http://gec.cr.usgs.gov/,1
1.6,layers1km,dtm_earthquakes.dens_earthquake.usgs_m_1km_s0..0cm_1910..2017_v1.0.tif,dtm_earthquakes.dens_earthquake.usgs_m,DTM_EARTHQUAKES-DENS_EARTHQUAKE-USGS_M,"earthquakes,usgs",dtm_earthquakes.dens_earthquake.usgs_m.sld,earthquakes.dens,2D_N,dtm,Density of Earthquakes for the last 100 years,Based on the USGS global earthquakes database.,index,https://github.com/Envirometrix/LandGISmaps/tree/master/input_layers/earthquakes,https://github.com/Envirometrix/LandGISmaps#relief-and-geology,USGS,Tom Hengl,tom.hengl@envirometrix.net,Creative Commons Attribution Share-Alike 4.0,https://creativecommons.org/licenses/by-sa/4.0/,12-Oct-2018,USGS Earthquake Archives,10.5281/zenodo.1458946,https://doi.org/10.5281/zenodo.1458946,1458947,http://earthquake.usgs.gov/earthquakes/,1
1.7,layers250m,dtm_aspect-cosine_merit.dem_m_250m_s0..0cm_2018_v1.0.tif,dtm_aspect-cosine_merit.dem_m,DTM_ASPECT-COSINE_MERIT-DEM_M,"cos,aspect,merit,dem",dtm_aspect-cosine_merit.dem_m.sld,aspect-cosine,2D_N,dtm,Cosine of the aspect,Based on the MERIT DEM (Yamazaki et al. 2017) described in Amatulli et al. (2019; Geomorpho90m dataset).,"10,000 x index",https://github.com/selvaje/YaleRep/blob/master/MERIT,http://www.spatial-ecology.net/dokuwiki/doku.php?id=topovar90m,Yale University - Spatial Ecology,Giuseppe Amatulli,giuseppe.amatulli@gmail.com,Creative Commons Attribution Share-Alike 4.0,https://creativecommons.org/licenses/by-sa/4.0/,8-Mar-2018,Geomorpho90m - Global high-resolution geomorphometry layers: empirical evaluation and accuracy assessment,10.7287/peerj.preprints.27595v1,https://doi.org/10.5281/zenodo.1805609,1805610,https://www.gdal.org/gdaldem.html; https://www.gdal.org/gdal_calc.html,1
1.8,layers250m,dtm_aspect-sine_merit.dem_m_250m_s0..0cm_2018_v1.0.tif,dtm_aspect-sine_merit.dem_m,DTM_ASPECT-SINE_MERIT-DEM_M,"sin,aspect,merit,dem",dtm_aspect-sine_merit.dem_m.sld,aspect-sine,2D_N,dtm,Sine of the aspect,Based on the MERIT DEM (Yamazaki et al. 2017) described in Amatulli et al. (2019; Geomorpho90m dataset).,"10,000 x index",https://github.com/selvaje/YaleRep/blob/master/MERIT,http://www.spatial-ecology.net/dokuwiki/doku.php?id=topovar90m,Yale University - Spatial Ecology,Giuseppe Amatulli,giuseppe.amatulli@gmail.com,Creative Commons Attribution Share-Alike 4.0,https://creativecommons.org/licenses/by-sa/4.0/,8-Mar-2018,Geomorpho90m - Global high-resolution geomorphometry layers: empirical evaluation and accuracy assessment,10.7287/peerj.preprints.27595v1,https://doi.org/10.5281/zenodo.1805609,1805610,https://www.gdal.org/gdaldem.html; https://www.gdal.org/gdal_calc.html,1
1.9,layers250m,dtm_convergence_merit.dem_m_250m_s0..0cm_2018_v1.0.tif,dtm_convergence_merit.dem_m,DTM_CONVERGENCE_MERIT-DEM_M,"convergence,merit,dem",dtm_convergence_merit.dem_m.sld,convergence,2D_N,dtm,Convergence,"Based on the MERIT DEM (Yamazaki et al. 2017) described in Amatulli et al. (2019; Geomorpho90m dataset), derived using GRASS GIS and Equi7 grid system.",100 x index,https://github.com/selvaje/YaleRep/blob/master/MERIT,http://www.spatial-ecology.net/dokuwiki/doku.php?id=topovar90m,Yale University - Spatial Ecology,Giuseppe Amatulli,giuseppe.amatulli@gmail.com,Creative Commons Attribution Share-Alike 4.0,https://creativecommons.org/licenses/by-sa/4.0/,8-Mar-2018,Geomorpho90m - Global high-resolution geomorphometry layers: empirical evaluation and accuracy assessment,10.7287/peerj.preprints.27595v1,https://doi.org/10.5281/zenodo.1805609,1805610,https://grass.osgeo.org/grass74/manuals/addons/r.convergence.html,1
1.10,layers250m,dtm_cti_merit.dem_m_250m_s0..0cm_2018_v1.0.tif,dtm_cti_merit.dem_m,DTM_CTI_MERIT-DEM_M,"cti,merit,dem",dtm_cti_merit.dem_m.sld,cti,2D_N,dtm,Compound topographic index,"Based on the MERIT DEM (Yamazaki et al. 2017) described in Amatulli et al. (2019; Geomorpho90m dataset), derived using GRASS GIS and Equi7 grid system.",1000 x index,https://github.com/selvaje/YaleRep/blob/master/MERIT,http://www.spatial-ecology.net/dokuwiki/doku.php?id=topovar90m,Yale University - Spatial Ecology,Giuseppe Amatulli,giuseppe.amatulli@gmail.com,Creative Commons Attribution Share-Alike 4.0,https://creativecommons.org/licenses/by-sa/4.0/,8-Mar-2018,Geomorpho90m - Global high-resolution geomorphometry layers: empirical evaluation and accuracy assessment,10.7287/peerj.preprints.27595v1,https://doi.org/10.5281/zenodo.1805609,1805610,https://grass.osgeo.org/grass74/manuals/r.watershed.html,1
1.11,layers250m,dtm_dev-magnitude_merit.dem_m_250m_s0..0cm_2018_v1.0.tif,dtm_dev-magnitude_merit.dem_m,DTM_DEV-MAGNITUDE_MERIT-DEM_M,"deviation,merit,dem",dtm_dev-magnitude_merit.dem_m.sld,dev-magnitude,2D_N,dtm,Maximum multiscale deviation,"Based on the MERIT DEM (Yamazaki et al. 2017) described in Amatulli et al. (2019; Geomorpho90m dataset), derived using WHITEBOX and Equi7 grid system.",10 x index,https://github.com/selvaje/YaleRep/blob/master/MERIT,http://www.spatial-ecology.net/dokuwiki/doku.php?id=topovar90m,Yale University - Spatial Ecology,Giuseppe Amatulli,giuseppe.amatulli@gmail.com,Creative Commons Attribution Share-Alike 4.0,https://creativecommons.org/licenses/by-sa/4.0/,8-Mar-2018,Geomorpho90m - Global high-resolution geomorphometry layers: empirical evaluation and accuracy assessment,10.7287/peerj.preprints.27595v1,https://doi.org/10.5281/zenodo.1805609,1805610,https://github.com/jblindsay/whitebox-tools/blob/master/WhiteboxToolsManual.pdf  8.6.24 MaxElevationDeviation,1
1.12,layers250m,dtm_dev-scale_merit.dem_m_250m_s0..0cm_2018_v1.0.tif,dtm_dev-scale_merit.dem_m,DTM_DEV-SCALE_MERIT-DEM_M,"deviation,scale,merit,dem",dtm_dev-scale_merit.dem_m.sld,dev-scale,2D_N,dtm,Scale of the maximum multiscale deviation,"Based on the MERIT DEM (Yamazaki et al. 2017) described in Amatulli et al. (2019; Geomorpho90m dataset), derived using WHITEBOX and Equi7 grid system.",1 x index,https://github.com/selvaje/YaleRep/blob/master/MERIT,http://www.spatial-ecology.net/dokuwiki/doku.php?id=topovar90m,Yale University - Spatial Ecology,Giuseppe Amatulli,giuseppe.amatulli@gmail.com,Creative Commons Attribution Share-Alike 4.0,https://creativecommons.org/licenses/by-sa/4.0/,8-Mar-2018,Geomorpho90m - Global high-resolution geomorphometry layers: empirical evaluation and accuracy assessment,10.7287/peerj.preprints.27595v1,https://doi.org/10.5281/zenodo.1805609,1805610,https://github.com/jblindsay/whitebox-tools/blob/master/WhiteboxToolsManual.pdf 8.6.24 MaxElevationDeviation,1
1.13,layers250m,dtm_easthness_merit.dem_m_250m_s0..0cm_2018_v1.0.tif,dtm_easthness_merit.dem_m,DTM_EASTHNESS_MERIT-DEM_M,"eastness,merit,dem",dtm_easthness_merit.dem_m.sld,easthness,2D_N,dtm,Easthness,Based on the MERIT DEM (Yamazaki et al. 2017) described in Amatulli et al. (2019; Geomorpho90m dataset).,"10,000 x index",https://github.com/selvaje/YaleRep/blob/master/MERIT,http://www.spatial-ecology.net/dokuwiki/doku.php?id=topovar90m,Yale University - Spatial Ecology,Giuseppe Amatulli,giuseppe.amatulli@gmail.com,Creative Commons Attribution Share-Alike 4.0,https://creativecommons.org/licenses/by-sa/4.0/,8-Mar-2018,Geomorpho90m - Global high-resolution geomorphometry layers: empirical evaluation and accuracy assessment,10.7287/peerj.preprints.27595v1,https://doi.org/10.5281/zenodo.1805609,1805610,https://www.gdal.org/gdaldem.html; https://www.gdal.org/gdal_calc.html,1
1.14,layers250m,dtm_geom_merit.dem_m_250m_s0..0cm_2018_v1.0.tif,dtm_geom_merit.dem_c,DTM_GEOM_MERIT-DEM_C,"geomorphon,merit,dem",dtm_geom_merit.dem_c.sld,geom,2D_F,dtm,Geomorphon clasess,"Based on the MERIT DEM (Yamazaki et al. 2017) described in Amatulli et al. (2019; Geomorpho90m dataset), derived using GRASS GIS and Equi7 grid system",factor,https://github.com/selvaje/YaleRep/blob/master/MERIT,http://www.spatial-ecology.net/dokuwiki/doku.php?id=topovar90m,Yale University - Spatial Ecology,Giuseppe Amatulli,giuseppe.amatulli@gmail.com,Creative Commons Attribution Share-Alike 4.0,https://creativecommons.org/licenses/by-sa/4.0/,8-Mar-2018,Geomorpho90m - Global high-resolution geomorphometry layers: empirical evaluation and accuracy assessment,10.7287/peerj.preprints.27595v1,https://doi.org/10.5281/zenodo.1805609,1805610,https://grass.osgeo.org/grass74/manuals/r.geomorphon,1
1.15,layers250m,dtm_northness_merit.dem_m_250m_s0..0cm_2018_v1.0.tif,dtm_northness_merit.dem_m,DTM_NORTHNESS_MERIT-DEM_M,"northness,merit,dem",dtm_northness_merit.dem_m.sld,northness,2D_N,dtm,Northness,Based on the MERIT DEM (Yamazaki et al. 2017) described in Amatulli et al. (2019; Geomorpho90m dataset).,"10,000 x index",https://github.com/selvaje/YaleRep/blob/master/MERIT,http://www.spatial-ecology.net/dokuwiki/doku.php?id=topovar90m,Yale University - Spatial Ecology,Giuseppe Amatulli,giuseppe.amatulli@gmail.com,Creative Commons Attribution Share-Alike 4.0,https://creativecommons.org/licenses/by-sa/4.0/,8-Mar-2018,Geomorpho90m - Global high-resolution geomorphometry layers: empirical evaluation and accuracy assessment,10.7287/peerj.preprints.27595v1,https://doi.org/10.5281/zenodo.1805609,1805610,https://www.gdal.org/gdaldem.html; https://www.gdal.org/gdal_calc.html,1
1.16,layers250m,dtm_pcurv_merit.dem_m_250m_s0..0cm_2018_v1.0.tif,dtm_pcurv_merit.dem_m,DTM_PCURV_MERIT-DEM_M,"curvature,merit,dem",dtm_pcurv_merit.dem_m.sld,pcurv,2D_N,dtm,Profile curvature,"Based on the MERIT DEM (Yamazaki et al. 2017) described in Amatulli et al. (2019; Geomorpho90m dataset), derived using GRASS GIS and Equi7 grid system",10^5 x index (1/m),https://github.com/selvaje/YaleRep/blob/master/MERIT,http://www.spatial-ecology.net/dokuwiki/doku.php?id=topovar90m,Yale University - Spatial Ecology,Giuseppe Amatulli,giuseppe.amatulli@gmail.com,Creative Commons Attribution Share-Alike 4.0,https://creativecommons.org/licenses/by-sa/4.0/,8-Mar-2018,Geomorpho90m - Global high-resolution geomorphometry layers: empirical evaluation and accuracy assessment,10.7287/peerj.preprints.27595v1,https://doi.org/10.5281/zenodo.1805609,1805610,https://grass.osgeo.org/grass74/manuals/r.slope.aspect.html,1
1.17,layers250m,dtm_rough-magnitude_merit.dem_m_250m_s0..0cm_2018_v1.0.tif,dtm_rough-magnitude_merit.dem_m,DTM_ROUGH-MAGNITUDE_MERIT-DEM_M,"roughness,multiscale,merit,dem",dtm_rough-magnitude_merit.dem_m.sld,rough-magnitude,2D_N,dtm,Maximum multiscale roughness,"Based on the MERIT DEM (Yamazaki et al. 2017) described in Amatulli et al. (2019; Geomorpho90m dataset), derived using WHITEBOX and Equi7 grid system",100 x index,https://github.com/selvaje/YaleRep/blob/master/MERIT,http://www.spatial-ecology.net/dokuwiki/doku.php?id=topovar90m,Yale University - Spatial Ecology,Giuseppe Amatulli,giuseppe.amatulli@gmail.com,Creative Commons Attribution Share-Alike 4.0,https://creativecommons.org/licenses/by-sa/4.0/,8-Mar-2018,Geomorpho90m - Global high-resolution geomorphometry layers: empirical evaluation and accuracy assessment,10.7287/peerj.preprints.27595v1,https://doi.org/10.5281/zenodo.1805609,1805610,https://github.com/jblindsay/whitebox-tools/blob/master/WhiteboxToolsManual.pdf  8.6.26 MultiscaleRoughness,1
1.18,layers250m,dtm_roughness_merit.dem_m_250m_s0..0cm_2018_v1.0.tif,dtm_roughness_merit.dem_m,DTM_ROUGHNESS_MERIT-DEM_M,"roughness,merit,dem",dtm_roughness_merit.dem_m.sld,roughness,2D_N,dtm,Roughness,Based on the MERIT DEM (Yamazaki et al. 2017) described in Amatulli et al. (2019; Geomorpho90m dataset).,10 x index,https://github.com/selvaje/YaleRep/blob/master/MERIT,http://www.spatial-ecology.net/dokuwiki/doku.php?id=topovar90m,Yale University - Spatial Ecology,Giuseppe Amatulli,giuseppe.amatulli@gmail.com,Creative Commons Attribution Share-Alike 4.0,https://creativecommons.org/licenses/by-sa/4.0/,8-Mar-2018,Geomorpho90m - Global high-resolution geomorphometry layers: empirical evaluation and accuracy assessment,10.7287/peerj.preprints.27595v1,https://doi.org/10.5281/zenodo.1805609,1805610,https://www.gdal.org/gdaldem.html,1
1.19,layers250m,dtm_rough-scale_merit.dem_m_250m_s0..0cm_2018_v1.0.tif,dtm_rough-scale_merit.dem_m,DTM_ROUGH-SCALE_MERIT-DEM_M,"scale,roughness,merit,dem",dtm_rough-scale_merit.dem_m.sld,rough-scale,2D_N,dtm,Scale of the maximum multiscale roughness,"Based on the MERIT DEM (Yamazaki et al. 2017) described in Amatulli et al. (2019; Geomorpho90m dataset), derived using WHITEBOX and Equi7 grid system",1 x index,https://github.com/selvaje/YaleRep/blob/master/MERIT,http://www.spatial-ecology.net/dokuwiki/doku.php?id=topovar90m,Yale University - Spatial Ecology,Giuseppe Amatulli,giuseppe.amatulli@gmail.com,Creative Commons Attribution Share-Alike 4.0,https://creativecommons.org/licenses/by-sa/4.0/,8-Mar-2018,Geomorpho90m - Global high-resolution geomorphometry layers: empirical evaluation and accuracy assessment,10.7287/peerj.preprints.27595v1,https://doi.org/10.5281/zenodo.1805609,1805610,https://github.com/jblindsay/whitebox-tools/blob/master/WhiteboxToolsManual.pdf  8.6.26 MultiscaleRoughness,1
1.20,layers250m,dtm_tcurv_merit.dem_m_250m_s0..0cm_2018_v1.0.tif,dtm_tcurv_merit.dem_m,DTM_TCURV_MERIT-DEM_M,"curvature,merit,dem",dtm_tcurv_merit.dem_m.sld,tcurv,2D_N,dtm,Tangential curvature,"Based on the MERIT DEM (Yamazaki et al. 2017) described in Amatulli et al. (2019; Geomorpho90m dataset), derived using GRASS GIS and Equi7 grid system",10^5 x index (1/m),https://github.com/selvaje/YaleRep/blob/master/MERIT,http://www.spatial-ecology.net/dokuwiki/doku.php?id=topovar90m,Yale University - Spatial Ecology,Giuseppe Amatulli,giuseppe.amatulli@gmail.com,Creative Commons Attribution Share-Alike 4.0,https://creativecommons.org/licenses/by-sa/4.0/,8-Mar-2018,Geomorpho90m - Global high-resolution geomorphometry layers: empirical evaluation and accuracy assessment,10.7287/peerj.preprints.27595v1,https://doi.org/10.5281/zenodo.1805609,1805610,https://grass.osgeo.org/grass74/manuals/r.slope.aspect.html,1
1.21,layers250m,dtm_vrm_merit.dem_m_250m_s0..0cm_2018_v1.0.tif,dtm_vrm_merit.dem_m,DTM_VRM_MERIT-DEM_M,"ruggedness,merit,dem",dtm_vrm_merit.dem_m.sld,vrm,2D_N,dtm,Vector ruggedness measure,"Based on the MERIT DEM (Yamazaki et al. 2017) described in Amatulli et al. (2019; Geomorpho90m dataset), derived using GRASS GIS and Equi7 grid system",10^5 x index,https://github.com/selvaje/YaleRep/blob/master/MERIT,http://www.spatial-ecology.net/dokuwiki/doku.php?id=topovar90m,Yale University - Spatial Ecology,Giuseppe Amatulli,giuseppe.amatulli@gmail.com,Creative Commons Attribution Share-Alike 4.0,https://creativecommons.org/licenses/by-sa/4.0/,8-Mar-2018,Geomorpho90m - Global high-resolution geomorphometry layers: empirical evaluation and accuracy assessment,10.7287/peerj.preprints.27595v1,https://doi.org/10.5281/zenodo.1805609,1805610,https://grass.osgeo.org/grass74/manuals/addons/r.vector.ruggedness.html,1
2.1,layers250m,lcv_land.cover_esacci.lc.l4_c_250m_s0..0cm_*_v1.0.tif,lcv_land.cover_esacci.lc.l4_c,LCV_LAND-COVER_ESACCI-LC-L4_C,"landcover,esa",lcv_land.cover_esacci.lc.l4_c.sld,land.cover,TS_F,lcv,Land cover images for 1992 to 2015,Based on the European Space Agency (ESA) Climate Change Initiative (ESACCI-LC).,factor,https://www.esa-landcover-cci.org/?q=node/175,https://github.com/Envirometrix/LandGISmaps#land-cover-land-use-and-administrative-data,ESA Climate Change Initiative - Land Cover led by UCLouvain (2017),,contact@esa-landcover-cci.org,,http://maps.elie.ucl.ac.be/CCI/viewer/conditions.php,9-Jul-1905,300 m annual global land cover time series from 1992 to 2015,,http://maps.elie.ucl.ac.be/CCI/viewer/download.php,,https://www.esa-landcover-cci.org/?q=node/175,0
2.2,layers250m,lcv_water.occurrence_jrc.surfacewater_p_250m_b0..200cm_1984..2016_v1.0.tif,lcv_water.occurence_jrc.surfacewater_p,LCV_WATER-OCCURENCE_JRC-SURFACEWATER_P,"water,occurence",lcv_water.occurrence_jrc.surfacewater_p.sld,water.occurence,2D_N,lcv,Surface water occurrence probability,Based on the Pekel et al. (2016).,probability,https://global-surface-water.appspot.com/,https://github.com/Envirometrix/LandGISmaps#land-cover-land-use-and-administrative-data,EC Joint Research Centre,,jrc-surfacewater@ec.europa.eu,,https://global-surface-water.appspot.com/faq,9-Jul-1905,Global Surface Water,10.1038/nature20584,https://global-surface-water.appspot.com/download,,https://global-surface-water.appspot.com/,1
2.3,layers1km,lcv_nightlights.stable_dmsp.pc2_m_1km_s0..0cm_1992..2013_v1.0.tif,lcv_nightlights.stable_dmsp.pc2_m,LCV_NIGHTLIGHTS-STABLE_DMSP-PC2_M,"nightlights,dmsp-ols",lcv_nightlights.stable_dmsp.pc2_m.sld,nightlights.stable,2D_N,lcv,Nightlights changes,2nd principal component based on the Version 4 DMSP-OLS Nighttime Lights Time Series 1997–2014.,index,https://github.com/Envirometrix/LandGISmaps/tree/master/input_layers/DMSP,https://github.com/Envirometrix/LandGISmaps#land-cover-land-use-and-administrative-data,NOAA,,chris.elvidge@noaa.gov,Creative Commons Attribution Share-Alike 4.0,https://creativecommons.org/licenses/by-sa/4.0/,11-Oct-2018,,10.5281/zenodo.1458946,https://doi.org/10.5281/zenodo.1458946,1458947,https://ngdc.noaa.gov/eog/dmsp/downloadV4composites.html,1
2.4,layers10km,lcv_landuse.cropland_hyde_p_10km_s0..0cm_*_v3.2.tif,lcv_landuse.cropland_hyde_p,LCV_LANDUSE-CROPLAND_HYDE_P,"croplands,historic,hyde",prob_YlOrRd_0_50.sld,landuse.cropland,TS_N,lcv,Croplands historic,"Time-series of maps showing cropland evolution for the past 12,000 years based on the HYDE data set.",fraction,https://github.com/Envirometrix/LandGISmaps/tree/master/input_layers/PBL_Hyde,https://github.com/Envirometrix/LandGISmaps#land-cover-land-use-and-administrative-data,PBL,,kees.kleingoldewijk@pbl.nl,,,10-Jul-1905,"Klein Goldewijk, K. , A. Beusen, M. de Vos and G. van Drecht (2011). The HYDE 3.1 spatially explicit database of human induced land use change over the past 12,000 years, Global Ecology and Biogeography20(1): 73-86.",10.1111/j.1466-8238.2010.00587.x,http://themasites.pbl.nl/tridion/en/themasites/hyde/download/index-2.html,,http://themasites.pbl.nl/tridion/en/themasites/hyde/index.html,1
2.5,layers10km,lcv_landuse.pasture_hyde_p_10km_s0..0cm_*_v3.2.tif,lcv_landuse.pasture_hyde_p,LCV_LANDUSE-PASTURE_HYDE_P,"pastures,historic,hyde",prob_YlOrRd_0_50.sld,landuse.pasture,TS_N,lcv,Pastures historic,"Time-series of maps showing pastures evolution for the past 12,000 years based on the HYDE data set.",fraction,https://github.com/Envirometrix/LandGISmaps/tree/master/input_layers/PBL_Hyde,https://github.com/Envirometrix/LandGISmaps#land-cover-land-use-and-administrative-data,PBL,,kees.kleingoldewijk@pbl.nl,,,10-Jul-1905,"Klein Goldewijk, K. , A. Beusen, M. de Vos and G. van Drecht (2011). The HYDE 3.1 spatially explicit database of human induced land use change over the past 12,000 years, Global Ecology and Biogeography20(1): 73-86.",10.1111/j.1466-8238.2010.00587.x,http://themasites.pbl.nl/tridion/en/themasites/hyde/download/index-2.html,,http://themasites.pbl.nl/tridion/en/themasites/hyde/index.html,1
3.1,layers250m,veg_fapar_proba.v.*_d_250m_s0..0cm_2014..2017_v1.0.tif,veg_fapar_proba.v.*_d,VEG_FAPAR_PROBA-V_D,"fapar,monthly,copernicus,prob-v",veg_fapar_proba.v_d.sld,fapar,SS_N,veg,FAPAR median monthly value 2014–2017,Based on the Copernicus PROB-V FAPAR product.,fraction,https://github.com/Envirometrix/LandGISmaps/tree/master/input_layers/Copernicus_vito,https://github.com/Envirometrix/LandGISmaps#vegetation-indices,EnvirometriX Ltd,Tom Hengl,tom.hengl@envirometrix.net,Creative Commons Attribution Share-Alike 4.0,https://creativecommons.org/licenses/by-sa/4.0/,6-Oct-2018,"Hengl T, Walsh MG, Sanderman J, Wheeler I, Harrison SP, Prentice IC. (2018) Global mapping of potential natural vegetation: an assessment of machine learning algorithms for estimating land potential. PeerJ 6:e5457",10.7287/peerj.preprints.26811v8,https://doi.org/10.5281/zenodo.1450336,1450337,https://land.copernicus.eu/global/products/fapar,1
3.2,layers250m,veg_fapar_proba.v.annual_d_250m_s0..0cm_2014..2017_v1.0.tif,veg_fapar_proba.v.annual_d,VEG_FAPAR_PROBA-V-ANNUAL_D,"fapar,annual,copernicus,prob-v",veg_fapar_proba.v_d.sld,fapar,2D_N,veg,FAPAR median annual value 2014–2017,Based on the Copernicus PROB-V FAPAR product.,fraction,https://github.com/Envirometrix/LandGISmaps/tree/master/input_layers/Copernicus_vito,https://github.com/Envirometrix/LandGISmaps#vegetation-indices,EnvirometriX Ltd,Tom Hengl,tom.hengl@envirometrix.net,Creative Commons Attribution Share-Alike 4.0,https://creativecommons.org/licenses/by-sa/4.0/,6-Oct-2018,"Hengl T, Walsh MG, Sanderman J, Wheeler I, Harrison SP, Prentice IC. (2018) Global mapping of potential natural vegetation: an assessment of machine learning algorithms for estimating land potential. PeerJ 6:e5457",10.7287/peerj.preprints.26811v8,https://doi.org/10.5281/zenodo.1450336,1450337,https://land.copernicus.eu/global/products/fapar,1
4.1,predicted250m,ldg_organic.carbon.stock_msa.kgm2_td_250m_b0..30cm_2001..2015_v0.2.tif,ldg_organic.carbon.stock_msa.kgm2_td,LDG_ORGANIC-CARBON-STOCK_MSA-KGM2_TD,"soil,organic,carbon,change",ldg_organic.carbon.stock_msa.kgm2_td.sld,organic.carbon.stock,2D_N,ldg,Soil organic carbon stock change (0–30 cm),Estimated SOC loss based on the European Space Agency (ESA) Climate Change Initiative (ESACCI-LC) land cover maps 2001–2015.,kg / m2,https://github.com/Envirometrix/LandGISmaps/tree/master/soil/LDN,https://github.com/Envirometrix/LandGISmaps#land-degradation-indices,EnvirometriX Ltd,Ichsani Wheeler,ichsani@envirometrix.net,Creative Commons Attribution Share-Alike 4.0,https://creativecommons.org/licenses/by-sa/4.0/,25-Oct-2018,,10.5281/zenodo.1475449,https://doi.org/10.5281/zenodo.1475449,2529721,,1
4.2,layers250m,ldg_forest.cover_esacci.ifl_c_250m_s0..0cm_*_v0.1.tif,ldg_forest.cover_esacci.ifl_c,LDG_FOREST-COVER_ESACCI-IFL_C,"forest,cover,historic",ldg_forest.cover_esacci.ifl_c.sld,forest.cover,TS_F,ldg,Tree-covered and intact forest landscapes,"Based on the UNEP historic forest cover map, ESA land cover time series and intact forest landscape (IFL 2000, 2013 and 2016) data.",factor,https://github.com/Envirometrix/LandGISmaps/tree/master/soil/LDN,https://github.com/Envirometrix/LandGISmaps#land-degradation-indices,EnvirometriX Ltd,Tom Hengl,tom.hengl@envirometrix.net,Creative Commons Attribution Share-Alike 4.0,https://creativecommons.org/licenses/by-sa/4.0/,25-Oct-2018,,10.5281/zenodo.1476464,https://doi.org/10.5281/zenodo.1476464,1477073,,1
4.3,layers250m,ldg_landscape.degradation_sil.9km_c_250m_s0..0cm_1992..2015_v1.0.tif,ldg_landscape.degradation_sil.9km_c,LDG_LANDSCAPE-DEGRADATION_SIL-9KM_C,"landcscape,change",ldg_landscape.degradation_sil.9km_c.sld,landscape.degradation,2D_F,ldg,Landscape change trajectories,"Based on the comparison of land cover changes in a 9 km search radius (produced by Space Informatics Lab, University of Cincinnati)",factor,https://doi.org/10.1016/j.jag.2018.09.013,http://sil.uc.edu/cms/index.php?id=data-1,"Space Informatics Lab, University of Cincinnati", Jakub Nowosad,nowosad.jakub@gmail.com,Creative Commons Attribution Share-Alike 4.0,https://creativecommons.org/licenses/by-sa/4.0/,17-Dec-2018,Global assessment and mapping of changes in mesoscale landscapes: 1992–2015,10.1016/j.jag.2018.09.013 10.5281,https://doi.org/10.5281/zenodo.2360376,,,1
5.1,layers1km,clm_lst_mod11a2.*.day_m_1km_s0..0cm_2000..2017_v1.0.tif,clm_lst_mod11a2.*.day_m,CLM_LST_MOD11A2-DAY_M,"lst,monthly,modis,mod11a2",clm_lst_mod11a2.day_m.sld,lst,SS_N,clm,Long-term Land Surface Temperature daytime monthly mean,MODIS MOD11A2 Land Surface Temperature daytime median value.,K / 0.02,https://github.com/Envirometrix/LandGISmaps/tree/master/input_layers/MOD11A2,https://github.com/Envirometrix/LandGISmaps#climatic-layers,EnvirometriX Ltd,Tom Hengl,tom.hengl@envirometrix.net,Creative Commons Attribution Share-Alike 4.0,https://creativecommons.org/licenses/by-sa/4.0/,5-Oct-2018,"Long-term MODIS LST day-time and night-time temperatures, sd and differences at 1 km based on the 2000–2017 time series",10.5281/zenodo.1420114,https://doi.org/10.5281/zenodo.1420114,1435938,https://lpdaac.usgs.gov/dataset_discovery/modis/modis_products_table/mod11a2_v006,1
5.2,layers1km,clm_lst_mod11a2.*.day_sd_1km_s0..0cm_2000..2017_v1.0.tif,clm_lst_mod11a2.*.day_sd,CLM_LST_MOD11A2-DAY_SD,"lst,monthly,modis,mod11a2",clm_lst_mod11a2.day_sd.sld,lst,SS_N,clm,Long-term Land Surface Temperature daytime monthly sd,MODIS MOD11A2 Land Surface Temperature daytime sd value.,K / 0.02,https://github.com/Envirometrix/LandGISmaps/tree/master/input_layers/MOD11A2,https://github.com/Envirometrix/LandGISmaps#climatic-layers,EnvirometriX Ltd,Tom Hengl,tom.hengl@envirometrix.net,Creative Commons Attribution Share-Alike 4.0,https://creativecommons.org/licenses/by-sa/4.0/,5-Oct-2018,"Long-term MODIS LST day-time and night-time temperatures, sd and differences at 1 km based on the 2000–2017 time series",10.5281/zenodo.1420115,https://doi.org/10.5281/zenodo.1420114,1435938,https://lpdaac.usgs.gov/dataset_discovery/modis/modis_products_table/mod11a2_v007,1
5.3,layers1km,clm_lst_mod11a2.*.daynight_m_1km_s0..0cm_2000..2017_v1.0.tif,clm_lst_mod11a2.*.daynight_m,CLM_LST_MOD11A2-DAYNIGHT_M,"lst,monthly,modis,mod11a2,day,night",clm_lst_mod11a2.daynight_m.sld,lst,SS_N,clm,Long-term Land Surface Temperature monthly day-night difference,MODIS MOD11A2 Land Surface Temperature day-night difference.,K / 0.02,https://github.com/Envirometrix/LandGISmaps/tree/master/input_layers/MOD11A2,https://github.com/Envirometrix/LandGISmaps#climatic-layers,EnvirometriX Ltd,Tom Hengl,tom.hengl@envirometrix.net,Creative Commons Attribution Share-Alike 4.0,https://creativecommons.org/licenses/by-sa/4.0/,5-Oct-2018,"Long-term MODIS LST day-time and night-time temperatures, sd and differences at 1 km based on the 2000–2017 time series",10.5281/zenodo.1420116,https://doi.org/10.5281/zenodo.1420114,1435938,https://lpdaac.usgs.gov/dataset_discovery/modis/modis_products_table/mod11a2_v008,1
5.4,layers1km,clm_precipitation_imerge.*_m_1km_s0..0cm_2014..2018_v0.1.tif,clm_precipitation_imerge.*_m,CLM_PRECIPITATION_IMERGE_M,"precipitation,monthly,imerg",clm_precipitation_imerge.monthly.sld,precipitation,SS_N,clm,Precipitation monthly in mm,"Based on the Global Precipitation Measurement Integrated Multi-satellitE Retrievals for GPM (IMERG) 2014–2018 and WorldClim v2, CHELSA rainfall monthly images.",mm,https://github.com/Envirometrix/LandGISmaps/tree/master/input_layers/clim1km,https://github.com/Envirometrix/LandGISmaps#climatic-layers,EnvirometriX Ltd,Tom Hengl,tom.hengl@envirometrix.net,Creative Commons Attribution Share-Alike 4.0,https://creativecommons.org/licenses/by-sa/4.0/,5-Oct-2018,Monthly precipitation in mm at 1 km resolution based on IMERGE 2014-2018,10.5281/zenodo.1435912,https://doi.org/10.5281/zenodo.1435912,2673444,https://pmm.nasa.gov/data-access/downloads/gpm,1
5.5,upscaled1km,clm_snow.prob_esacci.*_p_1km_s0..0cm_2000..2016_v1.0.tif,clm_snow.prob_esacci.*_p,CLM_SNOW-PROB_ESACCI_P,"snow,monthly,mod10a2,modis",clm_snow.prob_esacci_p.sld,snow.prob,SS_N,clm,Snow probability monthly,Based on the CCI Land Cover dataset / MOD10A2 product at 500 m for the period 2000–2012.,fraction,https://www.esa-landcover-cci.org/?q=node/161,https://github.com/Envirometrix/LandGISmaps#climatic-layers,ESA Climate Change Initiative - Land Cover led by UCLouvain (2017),,contact@esa-landcover-cci.org,,http://maps.elie.ucl.ac.be/CCI/viewer/conditions.php,9-Jul-1905,ESA LCCI Seasonality products,,http://maps.elie.ucl.ac.be/CCI/viewer/download.php,,https://www.esa-landcover-cci.org/?q=node/161,0
6.1,predicted250m,sol_grtgroup_usda.soiltax_c_250m_b0..0cm_1950..2017_v0.1.tif,sol_grtgroup_usda.soiltax_c,SOL_GRTGROUP_USDA-SOILTAX_C,"soil,taxonomy,usda",sol_grtgroup_usda.soiltax_c.sld,grtgroup,2D_F,sol,USDA soil taxonomy great groups,Predicted distribution based on machine learning predictions from global compilation of soil profiles.,factor,https://github.com/Envirometrix/LandGISmaps/tree/master/soil/tax_grtgroup,https://github.com/Envirometrix/LandGISmaps#soil-properties-and-classes,EnvirometriX Ltd,Tom Hengl,tom.hengl@envirometrix.net,Creative Commons Attribution Share-Alike 4.0,https://creativecommons.org/licenses/by-sa/4.0/,2-Nov-2018,,10.5281/zenodo.1476844,https://doi.org/10.5281/zenodo.1476844,2578103,,1
6.2,predicted250m,sol_grtgroup_usda.soiltax.hapludalfs_p_250m_b0..0cm_1950..2017_v0.1.tif  ,sol_grtgroup_usda.soiltax.hapludalfs_p,SOL_GRTGROUP_USDA-SOILTAX-HAPLUDALFS_P,"hapludalfs,argillic",prob_YlOrRd_0_35.sld,grtgroup,2D_N,sol,Hapludalfs,Predicted distribution of the soils with argillic (clay accumulation) subsoil horizon.,fraction,https://github.com/Envirometrix/LandGISmaps/tree/master/soil/tax_grtgroup,https://github.com/Envirometrix/LandGISmaps#soil-properties-and-classes,EnvirometriX Ltd,Tom Hengl,tom.hengl@envirometrix.net,Creative Commons Attribution Share-Alike 4.0,https://creativecommons.org/licenses/by-sa/4.0/,2-Nov-2018,,10.5281/zenodo.1476844,https://doi.org/10.5281/zenodo.1476844,2578103,,1
6.3,predicted250m,sol_organic.carbon_usda.6a1c_m_250m_b*..*cm_1950..2017_v0.2.tif,sol_organic.carbon_usda.6a1c_m,SOL_ORGANIC-CARBON_USDA-6A1C_M,"soil,organic,carbon",sol_organic.carbon_usda.6a1c_m.sld,organic.carbon,3D_N,sol,Soil organic carbon content in x 5 g / kg,Based on machine learning predictions from global compilation of soil profiles and samples.,x 5 g / kg,https://github.com/Envirometrix/LandGISmaps/tree/master/soil/soil_properties,https://github.com/Envirometrix/LandGISmaps#soil-properties-and-classes,EnvirometriX Ltd,Tom Hengl,tom.hengl@envirometrix.net,Creative Commons Attribution Share-Alike 4.0,https://creativecommons.org/licenses/by-sa/4.0/,24-Dec-2018,,10.5281/zenodo.1475457,https://doi.org/10.5281/zenodo.1475457,2525553,,1
6.4,predicted250m,sol_bulkdens.fineearth_usda.4a1h_m_250m_b*..*cm_1950..2017_v0.2.tif,sol_bulkdens.fineearth_usda.4a1h_m,SOL_BULKDENS-FINEEARTH_USDA-4A1H_M,"soil,bulk,density",sol_bulkdens.fineearth_usda.4a1h_m.sld,bulkdens.fineearth,3D_N,sol,Soil bulk density in x 10 kg / m3,Based on machine learning predictions from global compilation of soil profiles and samples.,x 10 kg / m3,https://github.com/Envirometrix/LandGISmaps/tree/master/soil/soil_properties,https://github.com/Envirometrix/LandGISmaps#soil-properties-and-classes,EnvirometriX Ltd,Tom Hengl,tom.hengl@envirometrix.net,Creative Commons Attribution Share-Alike 4.0,https://creativecommons.org/licenses/by-sa/4.0/,24-Dec-2018,,10.5281/zenodo.1475970,https://doi.org/10.5281/zenodo.1475970,2525665,,1
6.5,predicted250m,sol_clay.wfraction_usda.3a1a1a_m_250m_b*..*cm_1950..2017_v0.2.tif,sol_clay.wfraction_usda.3a1a1a_m,SOL_CLAY-WFRACTION_USDA-3A1A1A_M,"soil,clay,usda",sol_clay.wfraction_usda.3a1a1a_m.sld,clay.wfraction,3D_N,sol,Clay content in % (kg / kg),Based on machine learning predictions from global compilation of soil profiles and samples.,%,https://github.com/Envirometrix/LandGISmaps/tree/master/soil/soil_properties,https://github.com/Envirometrix/LandGISmaps#soil-properties-and-classes,EnvirometriX Ltd,Tom Hengl,tom.hengl@envirometrix.net,Creative Commons Attribution Share-Alike 4.0,https://creativecommons.org/licenses/by-sa/4.0/,24-Dec-2018,,10.5281/zenodo.1476854,https://doi.org/10.5281/zenodo.1476854,2525663,,1
6.6,predicted250m,sol_sand.wfraction_usda.3a1a1a_m_250m_b*..*cm_1950..2017_v0.2.tif,sol_sand.wfraction_usda.3a1a1a_m,SOL_SAND-WFRACTION_USDA-3A1A1A_M,"soil,sand,usda",sol_sand.wfraction_usda.3a1a1a_m.sld,sand.wfraction,3D_N,sol,Sand content in % (kg / kg),Based on machine learning predictions from global compilation of soil profiles and samples.,%,https://github.com/Envirometrix/LandGISmaps/tree/master/soil/soil_properties,https://github.com/Envirometrix/LandGISmaps#soil-properties-and-classes,EnvirometriX Ltd,Tom Hengl,tom.hengl@envirometrix.net,Creative Commons Attribution Share-Alike 4.0,https://creativecommons.org/licenses/by-sa/4.0/,24-Dec-2018,,10.5281/zenodo.1476851,https://doi.org/10.5281/zenodo.1476851,2525662,,1
6.7,predicted250m,sol_texture.class_usda.tt_m_250m_b*..*cm_1950..2017_v0.2.tif,sol_texture.class_usda.tt_m,SOL_TEXTURE-CLASS_USDA-TT_M,"soil,texture,usda",sol_texture.class_usda.tt_m.sld,texture.class,3D_F,sol,Soil texture class (USDA system),"Derived using the predicted clay, silt and sand content images.",factor,https://github.com/Envirometrix/LandGISmaps/tree/master/soil/soil_properties,https://github.com/Envirometrix/LandGISmaps#soil-properties-and-classes,EnvirometriX Ltd,Tom Hengl,tom.hengl@envirometrix.net,Creative Commons Attribution Share-Alike 4.0,https://creativecommons.org/licenses/by-sa/4.0/,24-Dec-2018,,10.5281/zenodo.1475451,https://doi.org/10.5281/zenodo.1475451,2525817,,1
6.8,predicted250m,sol_ph.h2o_usda.4c1a2a_m_250m_b*..*cm_1950..2017_v0.2.tif,sol_ph.h2o_usda.4c1a2a_m,SOL_PH-H2O_USDA-4C1A2A_M,"soil,ph",sol_ph.h2o_usda.4c1a2a_m.sld,ph.h2o,3D_N,sol,Soil pH x 10 in H2O,Based on machine learning predictions from global compilation of soil profiles and samples.,index x 10,https://github.com/Envirometrix/LandGISmaps/tree/master/soil/soil_properties,https://github.com/Envirometrix/LandGISmaps#soil-properties-and-classes,EnvirometriX Ltd,Tom Hengl,tom.hengl@envirometrix.net,Creative Commons Attribution Share-Alike 4.0,https://creativecommons.org/licenses/by-sa/4.0/,24-Dec-2018,,10.5281/zenodo.1475459,https://doi.org/10.5281/zenodo.1475459,2525664,,1
6.9,predicted250m,sol_watercontent.33kPa_usda.4b1c_m_250m_b*..*cm_1950..2017_v0.1.tif,sol_watercontent.33kPa_usda.4b1c_m,SOL_WATERCONTENT-33KPA_USDA-4B1C_M,"soil,watercontent",sol_watercontent.33kPa_usda.4b1c_m.sld,soil.watercontent,3D_N,sol,Soil water content at 33kPa (field capacity),Based on machine learning predictions from global compilation of soil profiles and samples.,%,https://github.com/Envirometrix/LandGISmaps/tree/master/soil/soil_water,https://github.com/Envirometrix/LandGISmaps#soil-properties-and-classes,EnvirometriX Ltd,Tom Hengl,tom.hengl@envirometrix.net,Creative Commons Attribution Share-Alike 4.0,https://creativecommons.org/licenses/by-sa/4.0/,5-Apr-2019,,10.5281/zenodo.2629589,https://doi.org/10.5281/zenodo.2629589,2784001,,1
7.1,predicted1km,pnv_biome.type_biome00k_c_1km_s0..0cm_2000..2017_v0.1.tif,pnv_biome.type_biome00k_c,PNV_BIOME-TYPE_BIOME00K_C,"biome,potential",pnv_biome.type_biome00k_c.sld,biome.type,2D_F,pnv,Potential distribution of biomes,Potential Natural Vegetation biomes global predictions of classes (based on the BIOMES 6000 data set current biomes).,factor,https://github.com/Envirometrix/PNVmaps,https://github.com/Envirometrix/LandGISmaps#potential-natural-vegetation,EnvirometriX Ltd,Tom Hengl,tom.hengl@envirometrix.net,Open Database License (ODbL) v1.0,https://opendatacommons.org/licenses/odbl/1-0/,27-Mar-2018,"Hengl T, Walsh MG, Sanderman J, Wheeler I, Harrison SP, Prentice IC. (2018) Global Mapping of Potential Natural Vegetation: An Assessment of Machine Learning Algorithms for Estimating Land Potential. PeerJ Preprints.",10.7287/peerj.preprints.26811v1,http://dx.doi.org/10.7910/DVN/QQHCIK,,http://envirometrix.net/content/global-maps-potential-natural-vegetation-1-km-resolution,1
7.2,predicted1km,pnv_fapar_proba.v.*_d_1km_s0..0cm_2014..2017_v0.1.tif,pnv_fapar_proba.v.*_d,PNV_FAPAR_PROBA-V_D,"fapar,monthly,potential",veg_fapar_proba.v_d.sld,fapar,SS_N,pnv,Potential FAPAR monthly,Potential Natural Vegetation FAPAR predicted monthly median (based on PROB-V FAPAR 2014–2017).,fraction,https://github.com/Envirometrix/PNVmaps,https://github.com/Envirometrix/LandGISmaps#potential-natural-vegetation,EnvirometriX Ltd,Tom Hengl,tom.hengl@envirometrix.net,Open Database License (ODbL) v1.3,https://opendatacommons.org/licenses/odbl/1-0/,27-Mar-2018,"Hengl T, Walsh MG, Sanderman J, Wheeler I, Harrison SP, Prentice IC. (2018) Global Mapping of Potential Natural Vegetation: An Assessment of Machine Learning Algorithms for Estimating Land Potential. PeerJ Preprints.",10.7287/peerj.preprints.26811v5,http://dx.doi.org/10.7910/DVN/QQHCIK,,http://envirometrix.net/content/global-maps-potential-natural-vegetation-1-km-resolution,1
7.3,predicted1km,pnv_fapar_proba.v.annual_d_1km_s0..0cm_2014..2017_v0.1.tif,pnv_fapar_proba.v.annual_d,PNV_FAPAR_PROBA-V-ANNUAL_D,"fapar,annual,potential",veg_fapar_proba.v_d.sld,fapar,2D_N,pnv,Potential FAPAR annual,Potential Natural Vegetation FAPAR predicted monthly median (based on PROB-V FAPAR 2014–2017).,fraction,https://github.com/Envirometrix/PNVmaps,https://github.com/Envirometrix/LandGISmaps#potential-natural-vegetation,EnvirometriX Ltd,Tom Hengl,tom.hengl@envirometrix.net,Open Database License (ODbL) v1.3,https://opendatacommons.org/licenses/odbl/1-0/,27-Mar-2018,"Hengl T, Walsh MG, Sanderman J, Wheeler I, Harrison SP, Prentice IC. (2018) Global Mapping of Potential Natural Vegetation: An Assessment of Machine Learning Algorithms for Estimating Land Potential. PeerJ Preprints.",10.7287/peerj.preprints.26811v5,http://dx.doi.org/10.7910/DVN/QQHCIK,,http://envirometrix.net/content/global-maps-potential-natural-vegetation-1-km-resolution,1
7.4,predicted1km,pnv_fapar_proba.v.annualdiff_d_1km_s0..0cm_2014..2017_v0.1.tif,pnv_fapar_proba.v.annualdiff_d,PNV_FAPAR_PROBA-V-ANNUALDIFF_D,"fapar,potential,difference",pnv_fapar_proba.v.annualdiff.sld,fapar,2D_N,pnv,Difference potential vs actual FAPAR monthly,Derived as a difference between the predicted potential and actual Copernicus FAPAR 2014–2017.,fraction,https://github.com/Envirometrix/PNVmaps,https://github.com/Envirometrix/LandGISmaps#potential-natural-vegetation,EnvirometriX Ltd,Tom Hengl,tom.hengl@envirometrix.net,Open Database License (ODbL) v1.3,https://opendatacommons.org/licenses/odbl/1-0/,27-Mar-2018,"Hengl T, Walsh MG, Sanderman J, Wheeler I, Harrison SP, Prentice IC. (2018) Global Mapping of Potential Natural Vegetation: An Assessment of Machine Learning Algorithms for Estimating Land Potential. PeerJ Preprints.",10.7287/peerj.preprints.26811v5,http://dx.doi.org/10.7910/DVN/QQHCIK,,http://envirometrix.net/content/global-maps-potential-natural-vegetation-1-km-resolution,1